0.001,540.24,0,0,0.38411,-1.4565
0.002,538.98,-1.2617,0,0.92593,-2.5677
0.003,537.72,-1.2641,-2.4007,0.28559,-1.6116
0.004,536.45,-1.2737,-5.957,0.48262,-0.032027
0.005,535.17,-1.2796,-7.1167,0.21171,1.2469
0.006,533.87,-1.2874,-7.5985,0.58113,3.1634
0.007,532.58,-1.2973,-7.5415,0.21171,3.9433
0.008,531.29,-1.3021,-7.7002,0.9013,-1.4566
0.009,529.96,-1.3114,-8.2959,0.33485,-3.0405
0.01,528.66,-1.3181,-7.2607,0.87667,-0.97096
0.011,527.31,-1.3289,-8.5107,0.35948,1.8734
0.012,525.99,-1.3336,-7.4756,0.58113,-3.3564
0.013,524.64,-1.3447,-7.6514,-0.15771,-2.0922
0.014,523.29,-1.3488,-7.2681,0.7289,-1.1354
0.015,521.94,-1.3563,-7.7832,-0.059198,-1.7777
0.016,520.57,-1.3653,-7.2339,1.123,-9.2433
0.017,519.21,-1.3725,-7.0752,0.13783,-7.967
0.018,517.82,-1.3808,-7.3779,0.53188,-1.7566
0.019,516.43,-1.3841,-5.5737,0.5565,-0.19352
0.02,515.03,-1.3932,-5.7227,0.5565,3.9444
0.021,513.65,-1.3931,-4.5264,0.014686,-1.9358
0.022,512.24,-1.4011,-5.9766,0.85204,-0.024532
0.023,510.85,-1.4035,-5.2783,0.014686,-1.779
0.024,509.42,-1.414,-6.8579,0.53188,-6.224
0.025,508.02,-1.4196,-7.4463,0.014686,0.2986
0.026,506.58,-1.4274,-7.7197,0.53188,-14.788
0.027,505.14,-1.4384,-7.146,-0.03457,-6.5504
0.028,503.71,-1.4421,-7.0605,0.26097,-6.224
0.029,502.23,-1.4498,-7.8662,0.31022,-1.6185
0.03,500.81,-1.4549,-6.1157,-0.15771,6.1667
0.031,499.33,-1.4667,-7.5952,0.13783,4.7439
0.032,497.87,-1.4689,-7.6709,0.08857,2.998
0.033,496.38,-1.48,-7.9907,0.1132,-1.933
0.034,494.89,-1.4881,-6.5405,0.18708,-0.96819
0.035,493.4,-1.4949,-8.2812,0.53188,-3.8619
0.036,491.89,-1.4995,-7.749,0.063942,-1.3012
0.037,490.39,-1.5104,-7.0215,0.26097,-2.4111
0.038,488.88,-1.5188,-8.1885,0.014686,3.7937
0.039,487.34,-1.5232,-7.8394,0.31022,-2.5742
0.04,485.81,-1.5358,-6.2476,-0.03457,0.2907
0.041,484.27,-1.5386,-6.4502,0.21171,-4.6283
0.042,482.72,-1.5416,-6.1523,-0.15771,-0.18079
0.043,481.19,-1.551,-4.3628,0.26097,-5.5958
0.044,479.63,-1.554,-6.6211,-0.30548,-3.8397
0.045,478.06,-1.5576,-7.1143,0.31022,-2.0954
0.046,476.5,-1.5718,-5.625,-0.35474,-3.0533
0.047,474.93,-1.5772,-8.064,0.40874,2.0429
0.048,473.33,-1.5792,-9.0869,-0.25622,-2.5581
0.049,471.74,-1.5943,-7.2217,0.63039,3.3087
0.05,470.16,-1.6031,-7.4072,0.26097,0.76882
0.051,468.53,-1.6079,-9.2432,1.3446,0.29707
0.052,466.91,-1.6142,-6.6699,0.43336,-1.7804
0.053,465.29,-1.6254,-5.7495,1.0737,-1.7767
0.054,463.67,-1.6276,-5.4224,0.31022,3.4689
0.055,462.03,-1.6318,-6.272,0.82741,-3.9887
0.056,460.39,-1.635,-5.3931,0.23634,-0.66912
0.057,458.75,-1.6456,-6.6772,0.99981,-3.051
0.058,457.12,-1.6523,-7.1387,0.60576,-3.8371
0.059,455.44,-1.661,-8.0664,0.92593,-3.521
0.06,453.77,-1.6675,-6.8018,0.23634,6.0076
0.061,452.09,-1.6753,-7.1362,0.33485,-0.82712
0.062,450.41,-1.6796,-6.9043,0.65502,-2.7299
0.063,448.74,-1.688,-7.5073,0.80279,-4.632
0.064,447.05,-1.6956,-7.2607,0.45799,0.60815
0.065,445.33,-1.7051,-7.9419,0.58113,2.2094
0.066,443.61,-1.7116,-6.8823,0.18708,4.9057
0.067,441.89,-1.7193,-6.6699,0.18708,0.61189
0.068,440.18,-1.7224,-6.2866,0.1132,-0.5048
0.069,438.45,-1.7289,-6.9287,0.26097,-2.8916
0.07,436.72,-1.7365,-6.7554,0.33485,-2.2452
0.071,434.97,-1.7463,-7.9004,0.35948,1.0768
0.072,433.21,-1.7531,-7.9565,0.53188,-4.9408
0.073,431.45,-1.7619,-7.3022,0.26097,-3.5235
0.074,429.68,-1.7687,-6.6553,0.18708,-2.8865
0.075,427.91,-1.773,-6.1938,-0.10846,5.8565
0.076,426.12,-1.7795,-5.7202,0.33485,-8.4452
0.077,424.34,-1.784,-5.448,-0.03457,-0.49285
0.078,422.55,-1.7905,-6.1548,0.16245,0.92015
0.079,420.76,-1.7959,-6.3806,-0.20697,-5.425
0.08,418.96,-1.8038,-7.4536,0.13783,-6.2255
0.081,417.14,-1.8114,-7.4243,-0.2316,0.45461
0.082,415.32,-1.8213,-7.9309,0.35948,-0.50558
0.083,413.5,-1.8277,-7.5659,-0.20697,1.4179
0.084,411.66,-1.8356,-7.3743,0.43336,-0.49244
0.085,409.82,-1.8416,-6.2512,-0.42862,-4.0013
0.086,407.97,-1.8483,-6.283,0.5565,-5.4286
0.087,406.12,-1.8525,-5.7532,-0.0099423,-4.161
0.088,404.25,-1.8591,-6.0608,0.58113,-3.8437
0.089,402.39,-1.8643,-6.5173,0.31022,-3.6866
0.09,400.52,-1.8719,-6.9812,0.65502,-1.1378
0.091,398.64,-1.8809,-7.3926,0.16245,-3.9897
0.092,396.76,-1.8875,-7.8418,0.7289,4.0973
0.093,394.85,-1.896,-7.616,0.08857,-2.2529
0.094,392.96,-1.9036,-7.2119,0.5565,3.3149
0.095,391.04,-1.91,-7.5452,0.23634,-8.7677
0.096,389.13,-1.9169,-7.2217,0.53188,3.6244
0.097,387.21,-1.9252,-7.2021,0.60576,8.55
0.098,385.26,-1.9321,-7.323,0.65502,-0.17053
0.099,383.33,-1.9396,-6.8506,0.38411,2.0412
0.1,381.38,-1.9466,-6.1682,0.48262,-1.6233
0.101,379.43,-1.9512,-6.3599,0.65502,-5.5842
0.102,377.47,-1.956,-6.3965,0.38411,1.0924
0.103,375.51,-1.9639,-6.8945,0.18708,-3.5287
0.104,373.55,-1.9716,-7.5098,0.08857,0.28809
0.105,371.56,-1.9811,-8.9636,0.23634,-2.4085
0.106,369.57,-1.9888,-7.6794,-0.25622,0.75578
0.107,367.57,-2.0008,-7.3938,0.50725,-1.7753
0.108,365.56,-2.0023,-6.9043,-0.10846,-2.0961
0.109,363.55,-2.0085,-6.2732,0.50725,0.1328
0.11,361.55,-2.0156,-5.1575,-0.18234,-0.66245
0.111,359.53,-2.0201,-6.6357,0.63039,2.0457
0.112,357.49,-2.0266,-6.2134,-0.20697,-4.1514
0.113,355.46,-2.0355,-5.6921,0.33485,0.60158
0.114,353.41,-2.0396,-6.8604,-0.18234,-1.9265
0.115,351.37,-2.0441,-7.085,0.43336,-8.931
0.116,349.33,-2.0544,-6.4551,-0.059198,0.93108
0.117,347.27,-2.062,-7.666,0.65502,0.92964
0.118,345.19,-2.0678,-8.3423,0.23634,2.8388
0.119,343.1,-2.0779,-7.0752,0.65502,0.29793
0.12,341.03,-2.0858,-5.9961,0.33485,1.2349
0.121,338.94,-2.0898,-7.2229,0.75353,-1.7935
0.122,336.84,-2.092,-6.5527,0.43336,-0.03054
0.123,334.74,-2.1039,-6.3354,0.77816,-3.3707
0.124,332.64,-2.1107,-6.7212,0.21171,2.1997
0.125,330.51,-2.1174,-8.8037,0.53188,-2.5728
0.126,328.39,-2.1234,-7.24,0.38411,3.9472
0.127,326.25,-2.136,-6.781,0.31022,0.92415
0.128,324.13,-2.1401,-7.0532,0.31022,2.658
0.129,321.96,-2.1446,-7.4634,0.40874,1.5615
0.13,319.81,-2.1527,-5.4175,0.40874,0.92266
0.131,317.66,-2.1607,-6.4124,0.35948,0.28552
0.132,315.49,-2.1631,-6.6956,0.48262,-1.467
0.133,313.32,-2.1722,-6.543,0.18708,-3.5235
0.134,311.15,-2.1781,-7.0801,0.38411,5.53
0.135,308.95,-2.1854,-7.843,0.18708,2.9798
0.136,306.77,-2.1961,-7.5989,0.45799,1.2484
0.137,304.56,-2.2023,-8.429,-0.0099423,3.4729
0.138,302.34,-2.2102,-7.7124,0.31022,0.92292
0.139,300.14,-2.2202,-6.7175,-0.13308,2.1932
0.14,297.9,-2.224,-6.7822,0.28559,-2.2532
0.141,295.67,-2.2297,-6.3159,0.08857,2.8263
0.142,293.44,-2.2363,-5.2771,0.45799,3.6154
0.143,291.19,-2.2417,-6.9092,0.08857,-1.6131
0.144,288.95,-2.2466,-6.6467,0.40874,-0.82441
0.145,286.69,-2.2585,-6.958,-0.0099423,1.5614
0.146,284.44,-2.2629,-7.0801,0.63039,0.76738
0.147,282.15,-2.2711,-7.0593,-0.083827,-3.2023
0.148,279.88,-2.2771,-5.3186,0.67965,2.0405
0.149,277.6,-2.2819,-4.8584,0.014686,3.2825
0.15,275.31,-2.2851,-4.469,0.80279,2.9923
0.151,273.03,-2.2872,-2.4695,0.92593,4.1054
0.152,270.72,-2.2934,-3.1702,2.773,5.38
0.153,268.44,-2.2895,-2.1997,3.1178,7.9173
0.154,266.13,-2.2977,-3.0249,5.0635,11.577
0.155,263.86,-2.2961,-0.21729,6.5411,11.733
0.156,261.54,-2.3024,-2.2876,9.1025,17.756
0.157,259.24,-2.2945,1.582,10.309,21.414
0.158,256.93,-2.3009,2.5171,12.526,30.955
0.159,254.66,-2.2898,6.759,12.107,33.168
0.16,252.36,-2.2835,6.8018,13.806,36.026
0.161,250.09,-2.2686,11.548,14.767,48.894
0.162,247.83,-2.2605,12.595,15.949,55.259
0.163,245.59,-2.2432,15.414,16.639,69.853
0.164,243.36,-2.2269,15.764,19.175,76.525
0.165,241.14,-2.2065,19.369,21.786,88.441
0.166,238.96,-2.1897,22.292,25.825,93.356
0.167,236.79,-2.1636,25.552,29.47,112.26
0.168,234.64,-2.1317,29.448,33.952,123.23
0.169,232.54,-2.0991,35.696,37.622,136.26
0.17,230.48,-2.0592,40.026,41.045,153.55
0.171,228.46,-2.0113,43.158,43.508,166.9
0.172,226.5,-1.9635,47.861,44.813,178.33
0.173,224.58,-1.9159,51.036,48.877,197.23
0.174,222.72,-1.8598,53.105,52.817,210.25
0.175,220.9,-1.804,55.505,57.546,222.16
0.176,219.16,-1.7457,59.763,62.299,235.67
0.177,217.48,-1.686,61.593,67.447,255.03
0.178,215.85,-1.6171,63.986,71.067,270.76
0.179,214.29,-1.5518,67.299,74.81,285.21
0.18,212.82,-1.4841,72.23,77.125,309.36
0.181,211.4,-1.4092,73.694,77.372,320.95
0.182,210.06,-1.3248,77.401,79.908,341.28
0.183,208.81,-1.2487,81.348,82.15,360.03
0.184,207.67,-1.1648,84.033,83.332,381.16
0.185,206.57,-1.0774,84.058,85.942,412.12
0.186,205.58,-0.98907,87.874,85.745,433.11
0.187,204.67,-0.90453,90.061,89.513,464.4
0.188,203.86,-0.80929,92.052,91.557,494.11
0.189,203.15,-0.71451,93.767,94.562,518.24
0.19,202.53,-0.61712,95.896,95.966,544.93
0.191,202.01,-0.52024,95.303,97.838,579.09
0.192,201.58,-0.42505,94.353,97.345,617.2
0.193,201.26,-0.33278,91.731,97.296,651.2
0.194,201.02,-0.24275,88.092,95.597,674.55
0.195,200.86,-0.15847,84.31,93.996,698.05
0.196,200.79,-0.079779,79.935,90.966,729.02
0.197,200.79,-0.0035034,75.69,88.405,748.56
0.198,200.86,0.066901,72.061,87.051,771.27
0.199,201,0.1357,69.044,85.351,782.21
0.2,201.2,0.20184,67.136,82.593,794.45
0.201,201.47,0.26544,64.896,80.623,801.43
0.202,201.8,0.33218,63.553,78.603,801.26
0.203,202.19,0.39138,62.621,76.485,801.89
0.204,202.66,0.45347,61.342,74.638,802.85
0.205,203.15,0.51494,58.174,71.559,797.77
0.206,203.74,0.57215,57.792,68.407,785.04
0.207,204.38,0.62305,55.386,64.171,773.13
0.208,205.05,0.68034,51.562,60.23,757.09
0.209,205.78,0.7304,48.784,55.896,749.62
0.21,206.56,0.77275,45.862,52.744,728.81
0.211,207.39,0.81607,40.527,51.586,708.49
0.212,208.24,0.85236,34.934,48.015,690.7
0.213,209.13,0.88298,31.705,43.582,674.51
0.214,210.04,0.90507,26.55,40.503,653.84
0.215,210.97,0.93128,22.382,36.587,635.44
0.216,211.92,0.94882,19.354,33.854,616.06
0.217,212.9,0.96426,17.073,30.036,593.5
0.218,213.88,0.97975,12.841,27.968,571.28
0.219,214.86,0.99043,10.641,24.076,555.88
0.22,215.87,0.99548,8.3081,21.909,529.37
0.221,216.87,1.002,5.7019,18.289,510.78
0.222,217.87,1.0058,3.6414,16.294,491.08
0.223,218.89,1.0083,2.3621,14.003,468.36
0.224,219.89,1.0086,0.015869,14.028,446.76
0.225,220.91,1.0073,-2.0752,11.245,424.37
0.226,221.91,1.0021,-4.5569,9.9891,404.36
0.227,222.91,0.99543,-6.6699,7.6002,378.79
0.228,223.9,0.98547,-8.2666,6.3934,362.41
0.229,224.87,0.97529,-9.4702,4.4724,339.4
0.23,225.84,0.96596,-10.012,3.4873,321.93
0.231,226.79,0.95475,-10.306,1.714,300.02
0.232,227.74,0.94537,-10.419,1.3446,278.41
0.233,228.67,0.93394,-10.696,0.13783,262.53
0.234,229.6,0.92319,-10.956,-0.059198,241.57
0.235,230.51,0.91248,-11.86,-0.25622,223.12
0.236,231.41,0.89998,-13.243,-0.30548,203.27
0.237,232.3,0.88607,-13.718,-0.57639,192.96
0.238,233.17,0.86772,-15.135,0.063942,180.26
0.239,234.03,0.8546,-14.913,0.13783,165.64
0.24,234.85,0.8368,-14.303,0.26097,146.57
0.241,235.68,0.82541,-11.809,0.38411,136.41
0.242,236.49,0.81455,-10.853,0.58113,125.29
0.243,237.3,0.80868,-9.5422,0.33485,113.52
0.244,238.1,0.80034,-11.737,0.039314,99.232
0.245,238.89,0.78909,-10.286,0.16245,102.57
0.246,239.68,0.76672,-10.991,-0.083827,89.22
0.247,240.43,0.76312,-11.678,0.1132,83.019
0.248,241.13,0.75372,-11.802,-0.18234,76.042
0.249,241.91,0.74194,-8.1262,0.26097,71.59
0.25,242.66,0.73008,-10.668,-0.059198,64.112
0.251,243.39,0.72609,-10.803,0.31022,61.735
0.252,244.08,0.70978,-12.158,-0.0099423,52.843
0.253,244.76,0.69971,-11.743,0.08857,41.39
0.254,245.46,0.68115,-12.161,-0.33011,50.141
0.255,246.16,0.67137,-13.092,0.08857,42.209
0.256,246.8,0.66529,-14.266,-0.40399,46.177
0.257,247.44,0.64432,-11.069,0.18708,38.862
0.258,248.09,0.62838,-12.664,-0.45325,34.261
0.259,248.68,0.62581,-14.188,0.13783,31.716
0.26,249.3,0.60805,-11.077,-0.47788,29.014
0.261,249.92,0.59435,-11.769,0.28559,27.758
0.262,250.48,0.58894,-13.518,-0.03457,20.771
0.263,251.06,0.56953,-11.699,0.18708,25.848
0.264,251.63,0.55822,-11.01,-0.45325,21.242
0.265,252.15,0.54955,-12.336,0.21171,16.806
0.266,252.72,0.5393,-9.8083,-0.6749,20.138
0.267,253.23,0.52726,-11.113,0.9013,13.15
0.268,253.76,0.52049,-10.835,-0.6749,14.106
0.269,254.27,0.50265,-11.473,0.063942,12.054
0.27,254.75,0.49538,-11.249,-0.45325,6.0141
0.271,255.23,0.48193,-11.959,0.53188,8.071
0.272,255.7,0.47101,-10.229,-0.15771,5.0719
0.273,256.16,0.46069,-12.181,0.45799,14.762
0.274,256.62,0.4515,-10.78,-0.15771,10.948
0.275,257.05,0.43447,-12.574,0.21171,11.261
0.276,257.49,0.42803,-12.457,-0.20697,-1.7618
0.277,257.88,0.40814,-13.552,0.45799,-2.8741
0.278,258.31,0.39841,-12.333,0.08857,12.056
0.279,258.66,0.38374,-13.638,0.43336,-1.9169
0.28,259.04,0.37281,-11.138,0.08857,2.2121
0.281,259.41,0.35984,-12.317,0.35948,2.6888
0.282,259.74,0.35245,-10.677,0.014686,4.7583
0.283,260.1,0.33682,-10.332,0.48262,-6.5236
0.284,260.42,0.33035,-11.062,-0.059198,4.7663
0.285,260.73,0.32115,-10.239,0.13783,1.0942
0.286,261.06,0.30453,-9.0454,0.014686,-1.5955
0.287,261.35,0.30126,-12.345,0.18708,0.46477
0.288,261.63,0.2916,-11.98,0.13783,-4.94
0.289,261.93,0.26863,-10.353,0.26097,-1.6023
0.29,262.19,0.26125,-13.191,0.13783,-0.94896
0.291,262.4,0.25277,-13.341,-0.25622,4.6163
0.292,262.65,0.2353,-9.5459,0.014686,6.8141
0.293,262.89,0.22489,-10.109,0.13783,-0.63567
0.294,263.11,0.2209,-11.458,0.40874,3.9644
0.295,263.31,0.21071,-10.138,-0.30548,-0.80101
0.296,263.5,0.19548,-10.211,0.13783,-6.2132
0.297,263.71,0.18461,-11.936,-0.33011,-1.2798
0.298,263.87,0.17383,-12.976,0.18708,-11.762
0.299,264.03,0.16122,-10.985,-0.40399,0.30286
0.3,264.18,0.14583,-10.875,0.21171,-5.735
0.301,264.31,0.14056,-10.763,0.063942,-2.0737
0.302,264.43,0.13024,-10.208,0.38411,-7.4799
0.303,264.57,0.12002,-8.9331,0.08857,-9.8667
0.304,264.68,0.11018,-10.94,0.13783,-3.3523
0.305,264.78,0.10116,-11.321,0.16245,-2.2344
0.306,264.86,0.085858,-11.036,0.21171,-5.8932
0.307,264.94,0.073633,-11.423,-0.40399,7.6068
0.308,265,0.064838,-11.847,-0.059198,1.1127
0.309,265.05,0.053064,-10.579,-0.42862,0.62164
0.31,265.1,0.041925,-9.9146,0.08857,-5.4141
0.311,265.13,0.032965,-10.408,-0.42862,-0.96784
0.312,265.15,0.02406,-9.5972,0.67965,-12.871
0.313,265.17,0.012799,-9.032,0.014686,-2.0895
0.314,265.17,0.0050781,-9.1565,0.58113,-4.6242
0.315,265.17,-0.0032349,-9.4019,-0.37936,-2.7097
0.316,265.15,-0.012817,-9.0857,0.31022,-1.7616
0.317,265.13,-0.022949,-9.8108,-0.15771,-0.8084
0.318,265.1,-0.032629,-9.9182,0.50725,-1.7617
0.319,265.05,-0.043976,-9.8938,-0.25622,-6.9968
0.32,265,-0.052826,-9.7803,0.31022,-7.8102
0.321,264.93,-0.062286,-9.7559,-0.03457,-5.5648
0.322,264.87,-0.071851,-9.6448,0.53188,-3.5128
0.323,264.79,-0.081409,-10.582,-0.18234,-2.8825
0.324,264.69,-0.0922,-10.179,0.5565,-2.8836
0.325,264.6,-0.10574,-9.4019,0.063942,-1.4433
0.326,264.47,-0.11318,-9.4873,0.53188,-0.17346
0.327,264.34,-0.11886,-8.4692,0.18708,3.4709
0.328,264.22,-0.12885,-7.4829,0.50725,-1.6275
0.329,264.1,-0.13455,-9.1895,-0.15771,-1.1445
0.33,263.95,-0.14315,-10.288,0.40874,-2.4176
0.331,263.8,-0.15913,-9.7546,0.31022,0.4447
0.332,263.63,-0.1703,-9.7595,0.21171,3.939
0.333,263.43,-0.17762,-10.052,0.18708,2.6713
0.334,263.25,-0.18334,-8.6511,0.40874,0.44337
0.335,263.07,-0.19341,-7.7844,0.08857,6.1433
0.336,262.88,-0.20239,-8.0835,0.53188,5.049
0.337,262.66,-0.20922,-10.195,0.16245,2.82
0.338,262.42,-0.21804,-9.4458,0.31022,2.6667
0.339,262.2,-0.23432,-8.23,-0.0099423,-3.0629
0.34,261.98,-0.24064,-9.4409,0.014686,2.1865
0.341,261.71,-0.24354,-10.898,0.08857,3.3125
0.342,261.46,-0.25643,-8.1921,-0.60102,12.505
0.343,261.2,-0.27253,-8.2141,-0.0099423,5.8406
0.344,260.92,-0.27528,-11.063,-0.30548,3.776
0.345,260.61,-0.28171,-9.1162,-0.0099423,2.9737
0.346,260.33,-0.29885,-6.0645,-0.15771,-0.83764
0.347,260.05,-0.30201,-9.0723,-0.059198,-1.4702
0.348,259.7,-0.30285,-9.3665,-0.45325,1.6994
0.349,259.41,-0.32064,-7.0679,-0.15771,2.8014
0.35,259.1,-0.32855,-9.5825,-0.60102,0.91451
0.351,258.73,-0.33419,-11.384,0.1132,0.75902
0.352,258.4,-0.34992,-9.5129,-0.42862,-0.19901
0.353,258.03,-0.35977,-9.0247,0.16245,5.2083
0.354,257.66,-0.36821,-10.173,-0.55176,-3.6884
0.355,257.3,-0.37367,-8.4387,-0.15771,1.0713
0.356,256.89,-0.38506,-8.8977,-0.62565,1.3757
0.357,256.54,-0.39211,-8.0054,0.26097,-0.99067
0.358,256.11,-0.40426,-9.8999,-0.47788,0.59075
0.359,255.7,-0.40823,-8.8684,0.08857,1.0807
0.36,255.28,-0.42317,-8.6926,-0.45325,0.12787
0.361,254.85,-0.4294,-8.5754,0.58113,-1.297
0.362,254.42,-0.43558,-8.3215,-0.2316,-1.7714
0.363,253.96,-0.44714,-8.1335,0.45799,-7.3537
0.364,253.52,-0.44984,-7.4109,-0.37936,-0.83528
0.365,253.04,-0.46384,-8.8489,0.23634,-0.35065
0.366,252.6,-0.46646,-7.3645,-0.28085,0.92128
0.367,252.1,-0.47982,-9.8779,0.53188,-0.51235
0.368,251.63,-0.48396,-9.1162,-0.13308,5.2186
0.369,251.12,-0.49923,-9.9097,0.28559,-4.4702
0.37,250.62,-0.50942,-9.4202,0.039314,1.2452
0.371,250.1,-0.516,-9.53,0.43336,-3.3697
0.372,249.55,-0.52692,-8.6597,0.18708,-0.17848
0.373,249.05,-0.53161,-7.9004,0.9013,-4.3214
0.374,248.49,-0.54253,-8.219,0.063942,-3.0551
0.375,247.96,-0.54892,-7.9895,0.35948,-4.0029
0.376,247.39,-0.5571,-9.1541,0.039314,-2.0858
0.377,246.81,-0.56687,-8.5925,0.35948,-0.97702
0.378,246.26,-0.57738,-9.0808,0.18708,3.3089
0.379,245.65,-0.58549,-9.7461,0.43336,2.0421
0.38,245.08,-0.59432,-8.7695,0.063942,2.3541
0.381,244.46,-0.60583,-9.1858,0.08857,-0.81845
0.382,243.84,-0.61072,-8.1848,0.18708,-6.7032
0.383,243.23,-0.62331,-7.1228,0.13783,-5.1103
0.384,242.6,-0.62642,-7.3499,0.23634,9.1664
0.385,241.96,-0.62994,-8.2019,0.33485,5.6927
0.386,241.33,-0.64258,-6.5918,0.08857,-0.66881
0.387,240.69,-0.65173,-8.3374,-0.25622,-0.98369
0.388,240.02,-0.65627,-9.9402,-0.03457,4.5765
0.389,239.34,-0.6681,-8.4314,-0.20697,1.8737
0.39,238.68,-0.67964,-7.2253,0.18708,-1.451
0.391,237.99,-0.68474,-8.1604,0.26097,2.1972
0.392,237.29,-0.68785,-6.8848,0.58113,3.2981
0.393,236.6,-0.69707,-5.531,0.28559,3.3114
0.394,235.9,-0.70253,-5.3479,1.0244,6.3333
0.395,235.19,-0.70729,-6.4221,0.63039,6.6481
0.396,234.48,-0.71147,-6.7566,1.6648,7.7552
0.397,233.75,-0.71996,-6.7688,1.1968,4.7426
0.398,233.04,-0.73085,-6.7932,1.6894,8.4036
0.399,232.3,-0.73637,-7.1216,1.4431,10.763
0.4,231.54,-0.74126,-6.2646,2.1573,3.4733
0.401,230.8,-0.74708,-3.8257,1.9603,5.0573
0.402,230.05,-0.75129,-3.667,2.7238,7.2848
0.403,229.3,-0.74998,-3.7341,2.4775,15.854
0.404,228.55,-0.75471,-3.4058,3.1917,16.976
0.405,227.79,-0.75993,-2.8687,3.2163,12.847
0.406,227.02,-0.76411,-4.5032,4.2754,19.979
0.407,226.25,-0.76563,-3.9062,4.1276,16.502
0.408,225.48,-0.7725,-3.0432,5.0881,20.939
0.409,224.72,-0.77424,-2.8809,5.0142,27.613
0.41,223.93,-0.77515,-3.2483,5.9993,29.83
0.411,223.15,-0.77852,-0.73608,5.9747,28.736
0.412,222.37,-0.78187,-0.52368,7.4278,35.558
0.413,221.59,-0.77618,0.55542,7.4524,38.574
0.414,220.81,-0.77686,1.7493,8.6345,37.788
0.415,220.05,-0.77237,3.2568,8.2651,40.163
0.416,219.27,-0.76977,2.5537,8.9301,46.666
0.417,218.51,-0.76559,3.5242,9.3487,59.538
0.418,217.74,-0.76341,3.894,10.038,55.57
0.419,216.98,-0.75923,4.187,9.9891,64.632
0.42,216.23,-0.7529,4.6326,12.082,63.176
0.421,215.47,-0.74883,4.9316,11.664,63.824
0.422,214.74,-0.74243,6.2512,13.24,74.468
0.423,214,-0.73875,6.6797,13.043,76.842
0.424,213.27,-0.72798,7.8345,14.619,89.714
0.425,212.54,-0.7195,7.793,15.062,85.897
0.426,211.83,-0.70966,10.275,16.565,93.525
0.427,211.15,-0.70346,10.28,16.146,97.008
0.428,210.45,-0.68738,10.97,17.353,102.57
0.429,209.75,-0.67658,12.266,17.673,109.72
0.43,209.1,-0.66465,14.978,19.126,108.76
0.431,208.45,-0.64833,13.346,19.545,118.29
0.432,207.82,-0.62857,15.278,20.899,123.38
0.433,207.21,-0.62065,15.84,21.417,124.01
0.434,206.61,-0.60019,15.636,22.549,132.1
0.435,206,-0.58545,15.413,23.436,136.06
0.436,205.45,-0.57015,18.846,24.372,140.84
0.437,204.9,-0.55151,18.536,25.234,144.34
0.438,204.36,-0.52642,18.674,25.332,152.75
0.439,203.85,-0.50751,20.602,26.268,155.93
0.44,203.36,-0.49208,20.417,25.751,156.41
0.441,202.91,-0.46714,20.249,26.81,171.18
0.442,202.44,-0.44942,20.801,26.982,158.95
0.443,202.02,-0.42517,22.668,27.598,175
0.444,201.6,-0.4035,22.336,27.623,176.42
0.445,201.24,-0.37874,24.253,28.903,185.64
0.446,200.89,-0.35546,22.635,28.239,185.48
0.447,200.54,-0.32816,23.202,29.273,189.46
0.448,200.24,-0.31199,23.657,28.953,198.67
0.449,199.96,-0.28749,22.754,29.495,206.59
0.45,199.68,-0.26045,21.257,29.15,200.73
0.451,199.45,-0.24169,22.968,29.396,210.26
0.452,199.24,-0.22187,21.454,29.445,206.45
0.453,199.04,-0.19716,20.867,29.421,215.51
0.454,198.85,-0.18022,21.903,29.396,223.93
0.455,198.69,-0.15612,22.104,29.15,226
0.456,198.55,-0.13218,21.663,28.903,234.4
0.457,198.46,-0.11135,22.434,28.731,234.73
0.458,198.38,-0.088843,20.587,28.608,243
0.459,198.3,-0.068054,18.995,28.288,245.22
0.46,198.25,-0.05318,18.34,27.746,250.93
0.461,198.21,-0.037201,16.884,27.007,252.68
0.462,198.19,-0.019647,15.599,26.391,259.37
0.463,198.19,-0.004425,15.095,25.456,258.24
0.464,198.2,0.0099426,14.634,25.234,264.28
0.465,198.23,0.022296,13.521,23.658,264.44
0.466,198.26,0.035968,12.302,24.076,264.28
0.467,198.31,0.047955,11.859,22.845,259.83
0.468,198.37,0.057086,10.747,22.254,260.31
0.469,198.44,0.069238,9.895,20.776,257.77
0.47,198.51,0.076031,9.8645,20.431,262.67
0.471,198.61,0.085443,9.5337,18.806,263.33
0.472,198.69,0.097278,8.1653,18.929,247.43
0.473,198.8,0.10475,8.6963,16.786,258.56
0.474,198.93,0.11006,7.3511,16.54,252.04
0.475,199.04,0.11951,4.3799,15.038,247.45
0.476,199.16,0.1222,3.252,14.718,239.82
0.477,199.28,0.11918,2.71,13.289,239.97
0.478,199.41,0.12101,1.3916,13.166,230.75
0.479,199.52,0.12361,0.55054,12.747,218.69
0.48,199.64,0.12647,1.8188,12.649,213.13
0.481,199.78,0.12495,1.604,11.565,212.33
0.482,199.92,0.12827,0.15259,11.097,200.57
0.483,200.03,0.12903,-1.3159,10.432,194.86
0.484,200.16,0.12438,-0.98755,9.9152,189.78
0.485,200.29,0.11989,-1.9312,9.0286,180.23
0.486,200.4,0.12001,-2.3743,8.7084,173.26
0.487,200.51,0.11862,-1.355,7.9449,164.36
0.488,200.63,0.11716,-1.1475,7.9203,158
0.489,200.76,0.1176,-1.8689,7.0583,156.73
0.49,200.87,0.11415,-3.2361,7.1322,145.78
0.491,200.99,0.11067,-4.0015,6.5658,138.79
0.492,201.09,0.10244,-5.5762,6.5904,140.22
0.493,201.19,0.097156,-5.9448,5.8516,127.52
0.494,201.27,0.089722,-5.9558,5.7284,122.11
0.495,201.36,0.08443,-4.6497,5.0142,110.35
0.496,201.44,0.08089,-4.6155,5.0881,108.77
0.497,201.51,0.079187,-4.021,4.7925,99.722
0.498,201.59,0.074078,-4.0747,4.5709,100.05
0.499,201.66,0.069617,-4.9548,4.2754,103.85
0.5,201.73,0.064056,-6.1267,3.9798,88.289
0.501,201.78,0.056116,-6.3416,4.103,85.275
0.502,201.83,0.048553,-6.8018,3.5611,87.17
0.503,201.87,0.042371,-6.8506,3.5119,74.145
0.504,201.91,0.035608,-6.6431,3.1917,68.596
0.505,201.94,0.029803,-6.5295,3.7335,71.621
0.506,201.96,0.0229,-6.5161,3.3149,63.657
0.507,201.98,0.015906,-6.2244,3.5119,61.931
0.508,201.99,0.00979,-5.9631,3.2163,57.953
0.509,201.99,0.0044861,-5.5432,3.8813,57.005
0.51,201.99,-1.2207e-05,-5.0586,3.2656,50.962
0.511,201.98,-0.0048157,-5.2014,3.6843,58.434
0.512,201.98,-0.0093872,-5.3137,3.0932,45.724
0.513,201.96,-0.016217,-5.7202,3.7582,51.753
0.514,201.94,-0.022083,-5.6909,3.4626,41.274
0.515,201.91,-0.028613,-5.8899,4.1768,44.302
0.516,201.87,-0.03327,-5.5432,3.832,44.78
0.517,201.83,-0.038837,-5.2771,4.2754,37.62
0.518,201.79,-0.043933,-5.1099,3.832,39.85
0.519,201.75,-0.048468,-5.5737,4.4477,31.746
0.52,201.69,-0.054163,-4.9304,4.1276,42.705
0.521,201.63,-0.061139,-4.5581,5.0635,41.737
0.522,201.56,-0.063489,-4.3201,4.3739,41.284
0.523,201.49,-0.066724,-3.8391,5.2605,39.212
0.524,201.43,-0.070068,-2.3145,4.7925,45.093
0.525,201.35,-0.073358,-3.1458,5.1866,41.599
0.526,201.28,-0.072711,-3.1177,5.0388,42.242
0.527,201.2,-0.079218,-3.4216,5.4575,45.558
0.528,201.13,-0.082312,-3.8379,5.162,46.675
0.529,201.03,-0.087177,-5.9277,5.3344,47.474
0.53,200.94,-0.092548,-5.5237,5.2112,50.168
0.531,200.85,-0.10235,-5.1746,5.1866,48.422
0.532,200.73,-0.10684,-5.1416,5.2112,46.04
0.533,200.61,-0.10818,-4.2688,5.0635,52.086
0.534,200.5,-0.11288,-2.2925,4.6201,62.242
0.535,200.4,-0.11389,-2.0642,4.5216,55.732
0.536,200.28,-0.11381,-3.8647,4.7679,51.274
0.537,200.16,-0.11716,-4.1223,4.5709,55.563
0.538,200.04,-0.12751,-4.5776,4.7679,56.199
0.539,199.91,-0.1335,-5.3833,4.1522,53.029
0.54,199.76,-0.13678,-5.7532,4.3985,58.266
0.541,199.61,-0.14073,-4.176,3.7828,57.316
0.542,199.48,-0.14592,-3.8708,4.2015,58.096
0.543,199.34,-0.14839,-5.0659,3.7089,50.486
0.544,199.18,-0.15285,-4.8682,4.4724,51.431
0.545,199.02,-0.16211,-4.8315,3.7582,55.249
0.546,198.85,-0.16507,-5.1575,4.103,56.513
0.547,198.67,-0.17008,-5.1038,3.7335,54.292
0.548,198.52,-0.17418,-4.1907,4.4477,55.574
0.549,198.33,-0.17837,-4.1675,3.5858,57.309
0.55,198.15,-0.18306,-3.4363,4.6201,59.539
0.551,197.96,-0.18591,-3.1885,3.5365,52.229
0.552,197.75,-0.18726,-2.9041,4.4724,57.953
0.553,197.59,-0.19012,-2.3254,4.3985,49.202
0.554,197.4,-0.19289,-4.2712,4.7925,53.027
0.555,197.2,-0.19469,-3.7097,4.3,51.756
0.556,196.99,-0.20726,-3.811,4.9649,54.122
0.557,196.78,-0.20581,-4.4006,4.7187,46.187
0.558,196.55,-0.20917,-4.1638,5.0388,49.05
0.559,196.37,-0.21489,-1.2415,4.9403,56.677
0.56,196.15,-0.21551,-3.1519,5.2112,48.728
0.561,195.92,-0.21347,-3.7891,5.3097,52.869
0.562,195.7,-0.22157,-1.9617,5.6792,49.525
0.563,195.48,-0.22812,-2.3926,5.5068,53.482
0.564,195.26,-0.2247,-3.3252,5.3836,46.191
0.565,195.01,-0.22747,-2.4036,5.8023,48.888
0.566,194.8,-0.2301,-0.50415,5.8023,47.779
0.567,194.57,-0.23359,-1.7468,5.8023,57.155
0.568,194.33,-0.23064,-1.3574,6.1717,53.663
0.569,194.09,-0.23344,-1.4478,6.4919,53.041
0.57,193.86,-0.23426,-0.14038,6.1471,55.239
0.571,193.63,-0.23734,-0.88135,6.7628,53.964
0.572,193.39,-0.23429,-0.14648,6.5165,54.138
0.573,193.15,-0.23505,-0.40039,7.5755,54.93
0.574,192.92,-0.23417,0.88257,6.9598,52.541
0.575,192.69,-0.23626,-0.20874,7.7479,57.627
0.576,192.46,-0.23292,0.092773,7.1568,57.323
0.577,192.21,-0.23533,-0.84839,8.3883,47.938
0.578,191.98,-0.23458,0.11353,7.477,60.958
0.579,191.74,-0.23841,-0.72876,8.3636,66.372
0.58,191.51,-0.23569,0.01709,8.0927,61.122
0.581,191.26,-0.23657,-0.36377,8.5853,59.532
0.582,191.04,-0.23525,1.4075,8.4129,64.618
0.583,190.8,-0.2364,1.0559,9.2995,61.135
0.584,190.57,-0.23137,2.0703,9.004,67.178
0.585,190.33,-0.23041,2.207,9.5704,69.701
0.586,190.11,-0.22621,3.1421,9.3241,65.907
0.587,189.88,-0.22421,2.2083,10.014,69.067
0.588,189.67,-0.22069,2.7344,9.7921,72.399
0.589,189.45,-0.22033,1.7017,10.211,70.176
0.59,189.23,-0.21674,2.1814,10.112,73.84
0.591,189.01,-0.21771,2.041,10.629,73.832
0.592,188.8,-0.21331,2.7148,10.605,85.898
0.593,188.58,-0.21049,2.6538,10.556,81.461
0.594,188.38,-0.20676,4.0405,10.186,77.962
0.595,188.17,-0.20347,3.4863,10.9,89.247
0.596,187.97,-0.1975,3.4973,10.802,91.295
0.597,187.78,-0.19587,3.2642,11.27,90.36
0.598,187.59,-0.193,2.8406,10.999,90.042
0.599,187.4,-0.19044,2.3291,11.171,94.158
0.6,187.21,-0.18927,2.4548,11.196,95.12
0.601,187.02,-0.18586,2.7063,11.196,98.302
0.602,186.84,-0.1836,3.0737,11.147,99.409
0.603,186.66,-0.17947,3.7512,11.59,102.59
0.604,186.48,-0.17507,3.7622,11.196,97.179
0.605,186.31,-0.17051,4.3713,11.22,101.47
0.606,186.15,-0.16705,4.209,11.22,102.57
0.607,185.98,-0.16174,4.1931,11.418,110.04
0.608,185.83,-0.15842,3.7109,11.147,103.53
0.609,185.67,-0.1541,3.8318,11.122,111.63
0.61,185.52,-0.15196,3.3716,11.319,110.52
0.611,185.37,-0.14789,3.4302,10.556,109.25
0.612,185.22,-0.14489,2.8906,11.122,114.18
0.613,185.09,-0.14127,3.1824,10.679,116.39
0.614,184.95,-0.13965,2.6538,10.876,120.37
0.615,184.81,-0.13605,2.6208,10.432,115.92
0.616,184.68,-0.13462,2.1826,10.654,115.44
0.617,184.54,-0.13178,2.7588,10.211,116.87
0.618,184.41,-0.13036,2.3621,10.728,115.29
0.619,184.29,-0.12585,2.6135,10.112,114.82
0.62,184.16,-0.12424,2.2717,10.432,113.38
0.621,184.05,-0.12155,2.2705,9.7921,113.38
0.622,183.92,-0.12042,1.322,10.137,111.63
0.623,183.81,-0.11901,1.5479,9.3734,107.98
0.624,183.69,-0.11924,1.4392,10.211,109.08
0.625,183.57,-0.1165,1.7725,9.6443,111
0.626,183.45,-0.11436,1.908,9.7921,108.62
0.627,183.34,-0.11156,2.3364,9.0778,112.89
0.628,183.23,-0.10947,2.2229,9.6689,109.71
0.629,183.13,-0.10756,1.6968,9.0532,104.97
0.63,183.02,-0.10538,1.1719,9.4719,106.55
0.631,182.91,-0.10587,1.0266,8.8069,110.2
0.632,182.81,-0.1057,1.001,9.5211,101.94
0.633,182.7,-0.10433,0.85205,9.004,111.16
0.634,182.6,-0.10256,1.5906,9.5458,100.52
0.635,182.5,-0.10112,1.4111,9.004,107.49
0.636,182.4,-0.097919,1.7297,9.2995,104.02
0.637,182.31,-0.098645,1.2842,8.536,101.47
0.638,182.22,-0.095685,0.97412,9.2502,96.223
0.639,182.11,-0.096136,-0.12573,8.733,95.745
0.64,182.02,-0.096252,0.056152,8.8069,95.589
0.641,181.92,-0.098547,-0.55054,8.3144,93.538
0.642,181.83,-0.098364,-0.11353,8.6099,95.744
0.643,181.72,-0.098437,-0.29541,8.3144,94.796
0.644,181.62,-0.096704,1.062,8.5114,92.415
0.645,181.53,-0.097729,1.6724,8.2159,89.076
0.646,181.44,-0.093237,1.3123,8.3144,90.2
0.647,181.34,-0.090002,0.40649,8.142,90.83
0.648,181.26,-0.091876,0.80811,7.674,95.118
0.649,181.17,-0.094672,-1.1584,8.142,93.034
0.65,181.07,-0.093689,-2.2791,7.8218,89.877
0.651,180.96,-0.09903,-1.3843,7.9696,87.487
0.652,180.87,-0.1014,-0.56641,7.6002,87.33
0.653,180.76,-0.098798,-0.94604,7.9449,90.356
0.654,180.66,-0.097504,0.73975,7.5509,85.911
0.655,180.57,-0.098419,1.5039,7.9449,93.065
0.656,180.48,-0.095331,-0.014648,7.28,87.798
0.657,180.38,-0.093878,-0.43457,7.6987,80.337
0.658,180.28,-0.098871,-0.72998,7.0337,85.109
0.659,180.19,-0.099677,-2.1082,8.2405,81.139
0.66,180.08,-0.10207,-2.4036,6.9844,86.22
0.661,179.98,-0.10587,-0.9082,7.7725,85.427
0.662,179.87,-0.1059,-0.3833,7.0091,81.148
0.663,179.76,-0.10341,0.12573,7.7233,86.871
0.664,179.66,-0.10159,1.3281,6.5658,87.484
0.665,179.56,-0.10144,0.82031,7.6494,81.144
0.666,179.47,-0.099231,-0.4187,6.7135,83.841
0.667,179.36,-0.10179,-1.0889,7.5509,83.203
0.668,179.26,-0.10551,-1.6919,7.0583,81.769
0.669,179.15,-0.10704,-2.3145,7.5755,80.353
0.67,179.04,-0.1099,-1.7065,7.2307,78.452
0.671,178.93,-0.1108,-0.4126,7.7972,84.474
0.672,178.81,-0.11033,-0.57373,7.2061,83.687
0.673,178.7,-0.10757,0.22949,7.477,84.318
0.674,178.6,-0.10991,-0.040283,7.2061,79.229
0.675,178.5,-0.10875,-0.63843,7.1076,81.452
0.676,178.38,-0.111,-2.4841,6.6643,86.072
0.677,178.27,-0.11352,-1.3672,6.9598,81.617
0.678,178.15,-0.11999,-1.7102,7.0337,83.196
0.679,178.03,-0.11674,-1.6064,6.6643,77.488
0.68,177.9,-0.1173,-0.6189,6.9352,84.162
0.681,177.8,-0.11904,0.71289,6.7382,80.659
0.682,177.68,-0.11661,-1.0645,6.9598,79.549
0.683,177.55,-0.11642,-1.6785,6.221,79.084
0.684,177.45,-0.12206,-1.2573,6.8859,81.3
0.685,177.32,-0.1257,-2.3254,6.221,76.997
0.686,177.19,-0.12532,-2.0312,7.3292,80.506
0.687,177.05,-0.12824,-1.4441,6.3195,90.199
0.688,176.93,-0.12658,-0.30884,7.4278,84.794
0.689,176.81,-0.12928,-0.95215,6.7382,73.515
0.69,176.68,-0.12724,-1.593,7.1076,73.828
0.691,176.54,-0.13008,-2.2424,6.7628,71.451
0.692,176.41,-0.13621,-1.073,7.1076,76.837
0.693,176.28,-0.13779,-1.8738,6.9106,79.238
0.694,176.13,-0.13465,-1.051,7.0337,73.196
0.695,175.99,-0.13661,0.36255,6.8613,75.896
0.696,175.87,-0.13534,0.29541,7.1076,71.288
0.697,175.73,-0.13439,-1.5857,6.8613,76.383
0.698,175.6,-0.13632,-1.2622,7.3292,66.526
0.699,175.45,-0.14258,-1.3098,6.8367,75.578
0.7,175.31,-0.14292,-1.4453,6.8859,79.852
0.701,175.16,-0.14189,-0.87769,6.8367,74.309
0.702,175.02,-0.14162,0.57129,7.083,70.643
0.703,174.89,-0.1407,0.073242,7.1076,74.796
0.704,174.75,-0.13972,-1.1304,7.1322,75.586
0.705,174.61,-0.14255,-0.57495,7.083,72.725
0.706,174.46,-0.14754,-0.59692,7.2307,73.512
0.707,174.3,-0.14449,-0.22461,7.2554,76.048
0.708,174.15,-0.14369,0.34546,6.9352,73.035
0.709,174.02,-0.14084,1.0498,7.2307,73.193
0.71,173.89,-0.14083,-0.66162,7.1815,75.9
0.711,173.75,-0.14229,-1.1951,7.28,62.709
0.712,173.6,-0.1478,-1.4832,6.9844,72.407
0.713,173.44,-0.14966,-1.5112,7.4031,82.879
0.714,173.28,-0.14826,-0.2478,7.083,70.176
0.715,173.14,-0.14838,0.35889,7.4031,68.272
0.716,173.01,-0.14353,0.15015,7.2554,88.447
0.717,172.86,-0.14601,-0.60181,8.0681,78.915
0.718,172.72,-0.14891,0.083008,7.3785,84.316
0.719,172.55,-0.15127,-1.4709,8.0927,77.483
0.72,172.4,-0.14797,0.37964,7.2061,67.961
0.721,172.26,-0.15089,1.0059,8.1666,85.419
0.722,172.12,-0.14411,0.98389,7.5755,77.803
0.723,171.97,-0.14388,-0.19653,8.1173,84.478
0.724,171.83,-0.14635,1.0352,7.7479,78.115
0.725,171.68,-0.14895,-0.51147,8.339,75.413
0.726,171.53,-0.14571,0.68481,8.1666,84.633
0.727,171.37,-0.14667,1.178,8.339,77.338
0.728,171.24,-0.14046,1.5552,8.0927,81.292
0.729,171.1,-0.14046,-0.29419,8.3144,81.294
0.73,170.98,-0.14117,0.47852,8.2159,82.094
0.731,170.82,-0.14718,-0.73242,8.2897,83.846
0.732,170.67,-0.14427,-0.35156,7.7972,84.473
0.733,170.51,-0.14412,1.1133,8.3883,81.296
0.734,170.38,-0.14222,2.5513,8.2405,81.146
0.735,170.25,-0.13561,0.72876,8.0435,85.256
0.736,170.11,-0.13442,0.092773,8.1173,84.629
0.737,169.99,-0.14063,-0.12817,7.8711,80.664
0.738,169.83,-0.14366,-1.4062,8.2159,94.483
0.739,169.68,-0.14286,-0.99731,7.6494,92.58
0.74,169.54,-0.14264,1.0608,8.8562,93.546
0.741,169.4,-0.13941,1.6309,7.7479,86.074
0.742,169.28,-0.13533,0.84961,8.536,89.7
0.743,169.14,-0.1355,0.55786,7.9696,87.649
0.744,169,-0.13861,0.23438,8.7084,90.192
0.745,168.86,-0.13985,-0.46265,8.0927,86.851
0.746,168.7,-0.13824,0.448,8.536,83.99
0.747,168.58,-0.13764,1.2903,8.2159,90.352
0.748,168.45,-0.13326,0.89111,8.5114,88.454
0.749,168.31,-0.13216,0.3064,8.1666,82.09
0.75,168.19,-0.13539,0.25635,8.4375,87.165
0.751,168.04,-0.13671,-0.41992,7.9696,92.103
0.752,167.9,-0.13636,0.39917,8.142,86.217
0.753,167.76,-0.13536,1.6748,8.0435,88.595
0.754,167.63,-0.13016,2.0056,7.6494,87.805
0.755,167.52,-0.12702,1.405,7.9696,88.613
0.756,167.39,-0.12668,-0.14893,7.6002,86.708
0.757,167.26,-0.12933,-1.2891,8.339,92.574
0.758,167.13,-0.13611,-1.4661,7.477,84.636
0.759,166.98,-0.13661,-1.0596,7.9942,88.28
0.76,166.83,-0.13435,0.58594,7.5509,87.489
0.761,166.71,-0.13198,2.8076,8.3883,86.379
0.762,166.59,-0.1264,2.0166,7.5263,82.564
0.763,166.47,-0.12207,0.38086,8.3144,82.095
0.764,166.35,-0.12653,0.058594,7.674,86.851
0.765,166.22,-0.13245,-1.4575,8.3144,78.601
0.766,166.08,-0.13168,-1.8054,7.4031,87.173
0.767,165.93,-0.13369,0.33569,8.3636,82.724
0.768,165.81,-0.1311,1.8542,7.7725,86.219
0.769,165.68,-0.12485,1.2854,8.4129,87.02
0.77,165.57,-0.12318,0.86182,8.2159,84.006
0.771,165.45,-0.12526,-0.028687,8.4868,83.664
0.772,165.31,-0.12938,-1.5912,8.0435,85.114
0.773,165.18,-0.13124,-1.4203,8.2159,89.401
0.774,165.04,-0.1328,0.1178,8.2651,92.903
0.775,164.91,-0.13028,2.2723,8.4621,82.889
0.776,164.79,-0.12467,1.6803,8.142,85.909
0.777,164.66,-0.11802,1.535,8.0435,84.957
0.778,164.56,-0.12284,0.4895,8.6099,83.831
0.779,164.45,-0.12513,-0.86121,7.6987,81.929
0.78,164.3,-0.12783,-2.4994,8.1666,80.661
0.781,164.16,-0.12897,0.025024,7.4278,84.949
0.782,164.02,-0.13052,1.0748,8.3144,87.02
0.783,163.92,-0.12271,2.4524,7.4524,81.772
0.784,163.79,-0.11975,1.3995,8.0927,84.794
0.785,163.69,-0.11557,0.88074,7.3785,86.38
0.786,163.56,-0.12198,-1.1176,8.1666,83.978
0.787,163.45,-0.12611,-1.4569,7.2307,84.954
0.788,163.31,-0.1283,-2.121,8.3144,86.22
0.789,163.16,-0.12704,0.067749,7.2307,86.545
0.79,163.04,-0.12617,2.3407,8.2405,86.066
0.791,162.93,-0.12164,1.8738,7.477,85.917
0.792,162.82,-0.11441,0.84229,8.2159,85.746
0.793,162.7,-0.11893,-0.32043,7.5016,83.663
0.794,162.59,-0.12283,-0.9021,8.0435,79.71
0.795,162.45,-0.12777,-2.8308,7.8957,86.699
0.796,162.32,-0.12615,-0.74402,8.1912,79.387
0.797,162.18,-0.12856,0.80444,7.9449,86.857
0.798,162.07,-0.12265,1.9403,8.3883,82.416
0.799,161.95,-0.1188,0.93018,7.5509,85.259
0.8,161.84,-0.11807,0.34973,7.8957,86.217
0.801,161.72,-0.1215,-1.048,7.5509,86.542
0.802,161.59,-0.12682,-2.2131,7.8218,82.251
0.803,161.46,-0.12789,-1.1621,7.3292,87.34
0.804,161.31,-0.12987,-0.031128,7.9203,87.179
0.805,161.2,-0.12388,2.1918,7.28,81.448
0.806,161.07,-0.12165,1.7828,7.4278,85.746
0.807,160.97,-0.11586,1.0559,7.5016,87.954
0.808,160.85,-0.11898,-0.98999,7.2554,87.51
0.809,160.73,-0.12459,-1.3776,7.477,85.275
0.81,160.6,-0.12883,-2.7972,6.8613,85.743
0.811,160.45,-0.12854,-1.4056,7.7233,83.359
0.812,160.32,-0.12984,0.93201,7.1568,84.484
0.813,160.21,-0.12601,2.2516,7.674,82.097
0.814,160.08,-0.11993,0.84412,6.6643,88.607
0.815,159.97,-0.11758,0.40771,7.4031,77.957
0.816,159.85,-0.12432,-0.77271,6.6889,73.509
0.817,159.74,-0.1278,-1.6205,7.5016,84.315
0.818,159.59,-0.12987,-2.1667,7.0583,86.536
0.819,159.45,-0.12803,0.51392,7.5509,83.044
0.82,159.32,-0.12841,2.0203,6.9844,81.303
0.821,159.21,-0.12175,1.7145,7.3292,83.843
0.822,159.09,-0.1177,-0.36438,7.3539,75.091
0.823,158.98,-0.1213,-0.37903,7.7725,78.762
0.824,158.86,-0.12986,-1.9543,7.2307,81.621
0.825,158.72,-0.1303,-2.7863,7.7972,92.43
0.826,158.56,-0.13152,-1.2994,7.28,86.227
0.827,158.44,-0.13163,1.861,7.4278,84.008
0.828,158.32,-0.1278,1.2756,7.2307,84.153
0.829,158.2,-0.12055,-0.22644,7.674,80.496
0.83,158.08,-0.12393,-0.50781,7.5263,75.577
0.831,157.96,-0.13265,-1.2939,7.6248,80.661
0.832,157.82,-0.13417,-2.5751,7.4031,81.453
0.833,157.66,-0.13427,-1.6437,7.4278,82.886
0.834,157.53,-0.13343,2.4957,7.5016,85.604
0.835,157.41,-0.13214,2.027,7.477,90.519
0.836,157.29,-0.12018,1.0101,7.5509,82.564
0.837,157.16,-0.12404,0.010376,7.28,76.376
0.838,157.06,-0.12921,-0.075073,7.5263,80.667
0.839,156.91,-0.13337,-3.0341,7.0583,77.637
0.84,156.76,-0.13252,-1.04,7.674,80.346
0.841,156.62,-0.13535,1.0754,7.6987,83.534
0.842,156.5,-0.12924,2.2614,7.6987,79.412
0.843,156.38,-0.12384,0.97046,7.3292,84.786
0.844,156.26,-0.12207,0.64331,7.8957,78.602
0.845,156.14,-0.12767,-0.63782,7.1322,87.174
0.846,156.01,-0.13213,-2.0819,7.8218,72.56
0.847,155.86,-0.13243,-1.8689,7.5263,83.515
0.848,155.72,-0.13425,0.36499,7.4278,82.569
0.849,155.6,-0.13141,1.6656,7.6002,82.257
0.85,155.47,-0.12584,0.86304,7.7479,81.605
0.851,155.36,-0.1238,0.41809,7.674,84.315
0.852,155.23,-0.12811,-0.39307,7.7479,74.308
0.853,155.1,-0.13216,-1.4563,7.5509,83.841
0.854,154.96,-0.13338,-1.7743,7.4278,88.287
0.855,154.81,-0.13312,0.090942,7.5755,82.098
0.856,154.69,-0.13267,1.6486,7.3539,75.737
0.857,154.57,-0.12766,0.92896,7.6248,84.308
0.858,154.44,-0.12391,-0.33264,6.8367,81.464
0.859,154.32,-0.12873,-0.44678,7.7479,83.371
0.86,154.19,-0.13479,-1.4142,6.9352,84.481
0.861,154.05,-0.13491,-1.9629,7.8218,84.955
0.862,153.89,-0.13473,0.39124,7.2061,81.622
0.863,153.76,-0.13373,2.6233,7.7725,83.211
0.864,153.65,-0.12678,1.8878,7.1568,81.131
0.865,153.52,-0.12167,0.33142,7.7972,80.351
0.866,153.41,-0.12547,0.39978,7.0091,90.514
0.867,153.28,-0.13307,-1.33,7.674,80.023
0.868,153.13,-0.13173,-2.608,7.3046,90.043
0.869,152.98,-0.13343,-0.026245,7.6987,81.456
0.87,152.86,-0.13471,2.3639,7.28,82.415
0.871,152.74,-0.1256,1.1469,7.6987,84.154
0.872,152.61,-0.12125,0.57617,7.4524,85.253
0.873,152.51,-0.12599,0.33936,7.7479,81.769
0.874,152.38,-0.13055,-1.5192,7.5263,81.775
0.875,152.23,-0.13301,-2.1704,7.7972,84.637
0.876,152.09,-0.13319,-0.23254,7.6248,89.091
0.877,151.94,-0.1321,1.9312,7.7972,84.324
0.878,151.84,-0.12716,2.099,7.5509,83.683
0.879,151.72,-0.12089,0.69031,7.5263,85.571
0.88,151.6,-0.12252,-0.54077,7.6248,90.193
0.881,151.49,-0.12974,-1.189,7.3292,84.631
0.882,151.33,-0.13481,-3.0243,7.674,84.949
0.883,151.19,-0.1331,-1.347,7.1076,84.949
0.884,151.04,-0.13601,1.4136,7.4524,81.773
0.885,150.93,-0.12925,2.3315,7.0583,83.214
0.886,150.81,-0.12267,0.38757,7.8711,79.851
0.887,150.69,-0.12315,0.064697,7.2554,78.918
0.888,150.58,-0.13116,-1.3922,7.674,80.184
0.889,150.43,-0.13569,-2.7063,6.8859,84.48
0.89,150.27,-0.13622,-1.7126,7.7233,80.976
0.891,150.13,-0.13621,1.8237,7.28,80.35
0.892,150,-0.13171,2.7399,7.7479,81.453
0.893,149.9,-0.12205,2.2308,7.674,83.029
0.894,149.77,-0.12199,0.54016,7.9449,83.372
0.895,149.66,-0.12506,-0.19531,7.4031,84.159
0.896,149.52,-0.13351,-2.4286,7.7479,81.139
0.897,149.38,-0.13269,-1.7072,7.3539,82.563
0.898,149.23,-0.13419,0.24292,7.674,80.663
0.899,149.1,-0.13052,2.4847,7.2061,79.239
0.9,148.99,-0.12385,1.0742,7.6987,79.556
0.901,148.87,-0.12108,0.6366,7.6002,81.764
0.902,148.76,-0.12732,-0.18616,7.6248,84.643
0.903,148.62,-0.13101,-1.9427,7.5263,82.408
0.904,148.47,-0.13145,-1.911,7.6494,84.474
0.905,148.34,-0.13356,1.217,7.2554,82.091
0.906,148.21,-0.13064,2.3846,7.4031,83.055
0.907,148.09,-0.12123,1.5942,7.5755,81.14
0.908,147.97,-0.11908,0.87585,7.5016,84.467
0.909,147.86,-0.12348,-0.4834,7.5755,76.54
0.91,147.74,-0.12918,-2.4115,7.3292,86.552
0.911,147.59,-0.13305,-2.9681,7.6002,85.433
0.912,147.45,-0.13329,-1.0327,7.3046,85.586
0.913,147.31,-0.13392,1.6345,7.6248,80.984
0.914,147.19,-0.12865,2.1008,6.7874,83.682
0.915,147.07,-0.12101,0.13916,7.6494,84.948
0.916,146.95,-0.12255,0.028076,6.812,81.457
0.917,146.84,-0.1326,-0.80994,7.7972,83.197
0.918,146.69,-0.13378,-3.15,6.9106,82.566
0.919,146.53,-0.1327,-1.4655,7.8464,85.596
0.92,146.4,-0.13676,2.5177,7.3785,80.511
0.921,146.28,-0.12988,2.229,8.0188,84.482
0.922,146.16,-0.12001,1.0358,7.2554,81.767
0.923,146.04,-0.12264,1.4227,7.9449,82.732
0.924,145.93,-0.12752,-0.33569,7.1568,89.082
0.925,145.79,-0.12964,-1.9489,8.0927,82.882
0.926,145.65,-0.13156,-0.90271,7.2307,82.725
0.927,145.51,-0.12975,1.5466,7.6494,80.814
0.928,145.39,-0.12715,1.9867,7.4524,78.76
0.929,145.28,-0.11978,1.4795,7.7233,84.322
0.93,145.15,-0.11971,-0.59326,7.5755,88.433
0.931,145.05,-0.12416,-0.73608,7.4278,80.347
0.932,144.91,-0.13272,-2.547,7.4278,83.998
0.933,144.77,-0.13083,-1.9501,7.5016,83.66
0.934,144.62,-0.13252,0.28198,7.477,84.792
0.935,144.5,-0.12946,2.995,7.8218,85.113
0.936,144.39,-0.12275,1.2598,7.7479,78.763
0.937,144.26,-0.11774,0.55603,7.5016,81.612
0.938,144.15,-0.12453,-0.6897,7.4278,85.269
0.939,144.03,-0.12974,-2.0984,7.28,84.476
0.94,143.88,-0.13291,-3.064,7.6248,84.792
0.941,143.74,-0.13324,-0.36804,6.8367,86.872
0.942,143.6,-0.13306,1.5491,7.5016,83.672
0.943,143.49,-0.12637,2.4323,6.9352,82.096
0.944,143.36,-0.12199,0.68604,7.5016,80.661
0.945,143.25,-0.12075,0.14832,6.9352,86.702
0.946,143.13,-0.12981,-1.1774,7.5263,78.289
0.947,143,-0.13232,-2.2662,7.0583,85.9
0.948,142.84,-0.13226,-1.8414,7.7233,80.184
0.949,142.7,-0.13333,1.51,7.1568,83.842
0.95,142.58,-0.12996,2.1429,8.1173,83.204
0.951,142.46,-0.12226,0.495,7.3539,78.441
0.952,142.35,-0.12161,0.28625,7.6494,80.5
0.953,142.23,-0.12979,-0.69946,7.3292,86.213
0.954,142.1,-0.13189,-1.9928,7.6987,75.576
0.955,141.94,-0.13345,-1.6205,7.3046,77.957
0.956,141.8,-0.13222,1.5704,7.2554,81.294
0.957,141.68,-0.12971,2.3309,7.2554,80.666
0.958,141.56,-0.12193,1.7407,7.4031,84.163
0.959,141.45,-0.12024,0.3418,7.5263,88.607
0.96,141.33,-0.12475,-0.74341,7.1322,84.326
0.961,141.2,-0.13051,-1.7596,7.6248,92.745
0.962,141.05,-0.13343,-1.908,7.1568,84.478
0.963,140.91,-0.13073,0.082397,7.3292,78.603
0.964,140.78,-0.12978,2.533,7.2061,81.772
0.965,140.67,-0.12434,2.1143,7.7972,79.376
0.966,140.55,-0.11785,0.23743,6.9352,84.957
0.967,140.43,-0.12285,-0.55725,7.7479,81.449
0.968,140.32,-0.12954,-1.6443,7.0337,82.406
0.969,140.17,-0.13257,-3.2855,7.6494,78.919
0.97,140.02,-0.13256,-0.80811,7.2307,80.191
0.971,139.89,-0.13428,1.85,8.142,84.477
0.972,139.77,-0.1269,1.7438,7.5263,88.446
0.973,139.65,-0.12029,0.3186,7.8711,83.836
0.974,139.53,-0.12385,0.21729,7.5016,78.44
0.975,139.42,-0.13097,-1.2476,7.8957,79.555
0.976,139.27,-0.13319,-3.2294,7.6987,88.762
0.977,139.11,-0.13313,-1.2018,7.8218,78.762
0.978,138.99,-0.13644,2.0337,7.5016,90.675
0.979,138.86,-0.12986,1.8127,7.7725,82.409
0.98,138.74,-0.1208,0.69885,7.4524,84
0.981,138.62,-0.12413,1.0724,7.6248,84.332
0.982,138.51,-0.12964,-0.47241,7.5016,84.139
0.983,138.36,-0.13108,-2.5372,7.3785,83.844
0.984,138.22,-0.13222,-0.56824,7.5263,78.279
0.985,138.09,-0.13348,1.7535,7.1322,84.005
0.986,137.96,-0.12697,2.6251,7.5263,85.273
0.987,137.84,-0.12087,1.3733,7.1568,82.254
0.988,137.73,-0.11795,0.65247,7.5016,83.834
0.989,137.61,-0.12535,-1.4069,7.0337,80.826
0.99,137.5,-0.13022,-2.2223,7.3539,86.699
0.991,137.33,-0.134,-2.7496,6.9106,87.814
0.992,137.19,-0.13198,0.54565,7.7233,85.434
0.993,137.06,-0.1317,2.1136,6.9106,85.285
0.994,136.95,-0.12262,2.2723,7.9696,83.207
0.995,136.84,-0.11965,0.29907,6.8859,87.028
0.996,136.72,-0.12264,-0.46631,7.4524,82.411
0.997,136.59,-0.13049,-2.2943,6.9598,84.475
0.998,136.45,-0.13403,-2.8204,7.7479,81.775
0.999,136.3,-0.13409,-0.79468,7.28,79.551
1,136.17,-0.13376,1.3177,7.6987,82.88
1.001,136.05,-0.12661,1.438,7.2554,84.616
1.002,135.93,-0.1239,0.32654,7.8464,78.599
1.003,135.81,-0.12684,-0.0054932,7.5509,78.277
1.004,135.68,-0.13246,-2.0319,7.7972,78.44
1.005,135.53,-0.13378,-2.027,7.4031,90.36
1.006,135.39,-0.13677,-0.068359,7.6494,76.856
1.007,135.26,-0.13403,2.3438,7.4278,83.515
1.008,135.13,-0.12719,1.6986,7.4031,84.954
1.009,135.01,-0.12074,1.5887,7.28,78.594
1.01,134.9,-0.12529,0.22827,7.4278,83.842
1.011,134.78,-0.12883,-1.3696,7.477,83.364
1.012,134.63,-0.13289,-2.7368,7.3046,88.916
1.013,134.49,-0.13403,-0.49744,7.6987,87.18
1.014,134.35,-0.13443,1.4282,7.2554,82.89
1.015,134.23,-0.12778,2.1649,7.674,81.139
1.016,134.11,-0.12169,1.2927,7.2307,81.455
1.017,133.99,-0.12207,0.45837,7.4031,80.039
1.018,133.88,-0.12757,-1.2317,7.0091,84.459
1.019,133.74,-0.13214,-2.4579,7.7233,80.028
1.02,133.59,-0.13394,-1.8164,6.8367,80.819
1.021,133.45,-0.13398,0.77942,7.7725,76.37
1.022,133.32,-0.13115,1.9617,7.2307,79.389
1.023,133.21,-0.12367,1.416,7.6248,83.684
1.024,133.08,-0.12233,0.3949,7.1815,88.923
1.025,132.97,-0.12686,-0.10681,7.9942,78.129
1.026,132.84,-0.132,-2.1094,7.28,84.482
1.027,132.69,-0.13168,-1.8274,7.9696,83.368
1.028,132.55,-0.13422,0.6311,7.6002,85.116
1.029,132.42,-0.13146,2.0221,7.7725,82.429
1.03,132.3,-0.1237,0.95032,7.3046,87.496
1.031,132.18,-0.12189,0.20752,7.8711,80.815
1.032,132.07,-0.12693,-0.54443,7.3785,85.268
1.033,131.94,-0.13318,-2.0844,7.8711,81.927
1.034,131.79,-0.13419,-2.3767,7.6248,80.347
1.035,131.63,-0.13412,-0.055542,7.8218,79.869
1.036,131.51,-0.13378,3.092,7.6002,87.646
1.037,131.4,-0.12721,1.9269,7.7233,85.744
1.038,131.27,-0.11772,0.3772,7.3785,82.57
1.039,131.15,-0.12455,0.31738,7.28,82.727
1.04,131.05,-0.13224,-0.88257,7.5755,85.746
1.041,130.89,-0.13219,-3.338,7.1815,83.685
1.042,130.74,-0.13162,-0.47241,7.477,86.23
1.043,130.61,-0.13441,2.5641,7.2554,87.652
1.044,130.49,-0.12691,1.8726,7.4278,82.254
1.045,130.37,-0.11942,0.47363,6.9106,79.392
1.046,130.25,-0.12283,0.49316,7.9449,83.837
1.047,130.14,-0.12925,-1.3739,6.7382,81.3
1.048,129.99,-0.13195,-2.8839,7.5755,87.502
1.049,129.85,-0.13378,-0.71838,6.7135,82.08
1.05,129.71,-0.13383,1.7511,7.5016,84.636
1.051,129.58,-0.12642,2.3511,6.812,82.726
1.052,129.47,-0.1205,1.604,7.5263,82.089
1.053,129.36,-0.12019,0.56702,7.0583,81.308
1.054,129.24,-0.12576,-1.2122,7.7233,81.608
1.055,129.11,-0.131,-2.8967,7.1322,82.89
1.056,128.95,-0.13248,-2.2235,7.8711,79.078
1.057,128.82,-0.13498,0.52307,6.9106,84.477
1.058,128.7,-0.13131,1.8964,7.9449,87.19
1.059,128.57,-0.12315,0.63477,7.2061,82.261
1.06,128.46,-0.12152,0.51331,7.7725,87.806
1.061,128.34,-0.12931,-0.65552,7.3046,88.121
1.062,128.21,-0.13242,-2.0648,8.0188,81.141
1.063,128.05,-0.13459,-2.2644,7.6494,80.817
1.064,127.91,-0.13347,1.2079,7.9203,77.638
1.065,127.78,-0.13284,2.7515,7.4524,79.079
1.066,127.67,-0.12327,2.3254,7.8218,77.646
1.067,127.54,-0.11866,0.45227,7.5509,83.044
1.068,127.44,-0.12296,0.58533,7.9696,79.234
1.069,127.31,-0.13121,-2.0605,7.2554,79.234
1.07,127.17,-0.12991,-2.4274,7.6248,82.091
1.071,127.01,-0.13357,-0.54382,7.3046,93.376
1.072,126.89,-0.1308,2.7209,7.7479,84.01
1.073,126.77,-0.12568,1.3324,7.7725,77.624
1.074,126.66,-0.11761,1.1353,7.6248,80.986
1.075,126.54,-0.12325,-0.24475,7.4278,83.364
1.076,126.43,-0.12789,-1.2152,7.674,83.68
1.077,126.28,-0.13202,-3.1232,7.4278,84.318
1.078,126.13,-0.13175,-0.77759,7.477,81.941
1.079,126,-0.13322,1.5289,7.1568,81.768
1.08,125.88,-0.12714,1.7603,7.2061,83.21
1.081,125.76,-0.12025,0.34485,7.1815,83.047
1.082,125.64,-0.12322,0.33997,6.9352,85.103
1.083,125.53,-0.13003,-1.2164,7.2307,82.093
1.084,125.38,-0.13152,-2.5458,6.8859,83.528
1.085,125.23,-0.13322,-0.71228,7.477,87.8
1.086,125.1,-0.13298,1.8188,6.812,84.803
1.087,124.98,-0.12678,2.3529,7.3785,83.53
1.088,124.86,-0.12094,1.2738,6.8613,87.5
1.089,124.75,-0.11976,0.17578,7.6987,85.444
1.09,124.63,-0.12685,-1.5228,6.7135,85.758
1.091,124.5,-0.1321,-2.7002,7.5509,87.339
1.092,124.34,-0.13439,-2.8534,6.6643,86.073
1.093,124.2,-0.13444,0.7074,7.6987,81.455
1.094,124.08,-0.13402,2.6599,6.8859,80.187
1.095,123.95,-0.12332,1.8884,7.4278,78.757
1.096,123.83,-0.1188,1.1884,6.6397,85.749
1.097,123.73,-0.12495,0.84045,7.6248,82.234
1.098,123.61,-0.12849,-1.886,7.1568,81.777
1.099,123.45,-0.12982,-2.8778,7.4524,79.551
1.1,123.31,-0.13275,-0.021973,7.4278,80.823
1.101,123.19,-0.13319,1.5204,7.9203,73.04
1.102,123.06,-0.12506,0.87402,7.0583,80.673
1.103,122.94,-0.12089,0.70312,7.7972,85.424
1.104,122.83,-0.12545,0.46692,7.4278,90.037
1.105,122.71,-0.12923,-1.6412,7.8711,83.525
1.106,122.56,-0.13085,-2.4445,7.1568,86.696
1.107,122.42,-0.13327,-0.059814,7.5016,75.58
1.108,122.29,-0.13311,2.0728,7.5016,90.366
1.109,122.16,-0.12575,1.4618,7.8711,82.556
1.11,122.04,-0.11887,1.0382,7.2554,83.686
1.111,121.93,-0.12354,0.69275,7.6002,84.629
1.112,121.82,-0.12808,-1.2415,7.3046,82.566
1.113,121.67,-0.12965,-3.2056,7.4524,81.141
1.114,121.52,-0.13196,-1.0333,7.1076,80.99
1.115,121.39,-0.13489,1.6858,7.6987,86.862
1.116,121.27,-0.12871,1.3873,7.3785,78.612
1.117,121.15,-0.11965,0.64941,7.5755,82.255
1.118,121.03,-0.12271,0.33203,7.2307,83.687
1.119,120.92,-0.12871,-1.308,7.5755,81.309
1.12,120.78,-0.13323,-3.2147,7.3785,85.124
1.121,120.63,-0.13525,-1.8433,7.6248,91.135
1.122,120.48,-0.13572,0.95825,7.1815,85.754
1.123,120.35,-0.13193,2.5256,7.6248,84.479
1.124,120.24,-0.12392,2.2186,7.3539,80.5
1.125,120.12,-0.12061,0.98389,7.5509,80.983
1.126,120.01,-0.12416,-0.37231,7.3046,79.552
1.127,119.88,-0.1308,-2.2314,7.6494,80.179
1.128,119.73,-0.13379,-2.1753,7.0337,89.252
1.129,119.59,-0.13508,-0.021973,7.3785,82.096
1.13,119.45,-0.13148,1.6516,7.1815,75.577
1.131,119.33,-0.12427,1.8652,7.6002,81.295
1.132,119.22,-0.12254,1.0596,7.3292,81.626
1.133,119.11,-0.12447,-0.68542,7.477,78.279
1.134,118.98,-0.12978,-2.2089,7.3539,89.725
1.135,118.83,-0.13491,-2.149,7.4278,80.187
1.136,118.68,-0.13531,-0.44495,7.1322,83.843
1.137,118.55,-0.13329,1.8561,7.674,81.46
1.138,118.43,-0.12669,2.4298,7.1568,79.556
1.139,118.31,-0.1205,1.2463,7.8711,81.931
1.14,118.2,-0.12276,0.36255,7.1568,80.665
1.141,118.08,-0.12908,-1.1749,7.4524,82.095
1.142,117.93,-0.13148,-2.9913,7.2307,85.269
1.143,117.79,-0.13257,-1.0699,7.6248,80.657
1.144,117.65,-0.13546,1.524,7.2061,86.714
1.145,117.53,-0.12811,1.795,7.8218,81.914
1.146,117.4,-0.12146,0.46936,7.3292,78.758
1.147,117.29,-0.1225,0.50903,8.1666,77.801
1.148,117.18,-0.13022,-1.5955,7.2061,79.709
1.149,117.04,-0.13291,-3.0939,7.674,83.534
1.15,116.88,-0.13609,-2.1759,7.5263,83.692
1.151,116.74,-0.13693,1.4911,7.7725,85.271
1.152,116.61,-0.13338,1.8243,7.5755,83.698
1.153,116.49,-0.12276,1.8604,7.6987,84.162
1.154,116.37,-0.12379,1.1633,7.2554,83.365
1.155,116.27,-0.12679,0.23743,7.6248,80.345
1.156,116.12,-0.13111,-2.4219,7.1815,82.58
1.157,115.98,-0.13219,-1.0059,7.9696,78.911
1.158,115.84,-0.13487,0.43823,7.3785,84.003
1.159,115.71,-0.12882,1.8066,7.6987,81.771
1.16,115.59,-0.12459,0.82886,7.4278,82.089
1.161,115.47,-0.12208,0.77332,8.2405,85.748
1.162,115.35,-0.12805,-0.83801,7.6002,79.871
1.163,115.23,-0.13101,-1.8243,7.8218,83.362
1.164,115.07,-0.13301,-1.7773,7.2061,88.927
1.165,114.94,-0.13372,0.63171,7.4524,79.552
1.166,114.81,-0.13097,1.8494,7.5755,80.824
1.167,114.69,-0.12489,1.3708,7.8957,81.301
1.168,114.57,-0.12176,0.61279,7.3292,85.121
1.169,114.45,-0.12615,-0.74341,7.7233,80.033
1.17,114.33,-0.13065,-1.6455,7.3292,86.536
1.171,114.18,-0.13468,-2.5433,7.7725,81.935
1.172,114.03,-0.13312,0.098877,7.3046,78.763
1.173,113.9,-0.13448,1.7981,7.3539,85.422
1.174,113.78,-0.12566,1.7578,7.3292,82.41
1.175,113.66,-0.12166,0.40283,7.7233,87.977
1.176,113.55,-0.12589,0.49561,7.1322,88.594
1.177,113.42,-0.1311,-2.1613,7.3292,86.393
1.178,113.27,-0.132,-2.7979,7.4278,80.826
1.179,113.13,-0.13647,-0.0018311,7.477,87.817
1.18,113,-0.13565,1.8335,7.3539,86.557
1.181,112.87,-0.1259,1.6266,7.083,84.644
1.182,112.75,-0.12194,1.7737,7.5263,93.543
1.183,112.64,-0.12386,1.0217,7.1322,83.847
1.184,112.52,-0.1276,-1.485,7.6002,85.434
1.185,112.38,-0.13054,-2.052,7.1815,85.754
1.186,112.23,-0.13333,-0.93262,6.9598,82.891
1.187,112.09,-0.1322,0.99243,7.0337,85.741
1.188,111.97,-0.12853,1.5918,7.6002,80.812
1.189,111.86,-0.12263,0.979,7.1322,85.748
1.19,111.74,-0.12258,-0.13611,7.3539,90.675
1.191,111.62,-0.12843,-0.71167,7.5263,85.116
1.192,111.48,-0.13288,-1.8542,7.5016,82.096
1.193,111.33,-0.13209,-1.2445,7.3046,80.99
1.194,111.19,-0.13191,1.1792,7.4278,92.89
1.195,111.07,-0.12881,2.6324,6.7382,81.144
1.196,110.96,-0.12254,1.2994,7.3539,83.208
1.197,110.84,-0.11971,0.25452,6.7874,78.596
1.198,110.72,-0.12559,-0.66345,7.1322,80.031
1.199,110.59,-0.13063,-2.0654,7.5263,77.018
1.2,110.45,-0.13212,-2.3047,7.2554,86.84
1.201,110.3,-0.13286,0.076294,7.1815,87.026
1.202,110.18,-0.13124,2.0123,7.2061,81.137
1.203,110.06,-0.12521,1.333,6.9598,86.38
1.204,109.94,-0.12057,0.50415,7.2307,83.519
1.205,109.82,-0.12546,-0.54443,7.083,84.322
1.206,109.7,-0.13034,-1.665,7.6002,85.584
1.207,109.55,-0.13396,-2.8015,7.1322,80.038
1.208,109.4,-0.13353,0.08728,7.7972,76.857
1.209,109.27,-0.13458,1.8671,7.2307,84.957
1.21,109.15,-0.12502,2.1246,7.2554,83.37
1.211,109.03,-0.12101,1.0181,7.083,86.553
1.212,108.92,-0.12334,0.8606,7.5755,89.866
1.213,108.8,-0.12844,-1.8561,6.9352,86.071
1.214,108.65,-0.13028,-2.3883,7.2554,79.239
1.215,108.51,-0.1343,-0.65857,7.1322,82.412
1.216,108.38,-0.13295,1.4313,7.3539,83.692
1.217,108.25,-0.12663,1.5515,7.083,80.034
1.218,108.13,-0.12129,1.3361,7.4278,82.724
1.219,108.02,-0.12252,0.37231,6.812,82.41
1.22,107.9,-0.12762,-1.2811,7.2554,82.407
1.221,107.76,-0.13109,-2.4634,6.9106,85.744
1.222,107.61,-0.13304,-1.4642,7.1076,80.35
1.223,107.48,-0.1336,1.1023,6.7382,81.775
1.224,107.35,-0.12984,1.9568,7.3046,77.63
1.225,107.24,-0.12211,1.5485,6.8859,90.523
1.226,107.12,-0.1213,0.48096,7.5263,75.576
1.227,107,-0.12529,-0.64636,6.7874,87.019
1.228,106.87,-0.1312,-2.5079,7.477,80.351
1.229,106.73,-0.13307,-2.337,6.8613,85.596
1.23,106.58,-0.13465,0.019531,7.4278,89.72
1.231,106.45,-0.13299,1.806,6.8859,80.67
1.232,106.33,-0.1252,1.33,7.3785,79.394
1.233,106.21,-0.12217,0.89355,6.7874,84.159
1.234,106.1,-0.12642,0.05249,7.5263,83.526
1.235,105.97,-0.13018,-1.8445,6.7382,77.814
1.236,105.82,-0.13273,-2.1191,7.7233,86.205
1.237,105.68,-0.13442,-0.012207,6.8859,87.495
1.238,105.54,-0.13276,1.7926,7.4278,83.046
1.239,105.43,-0.12648,1.7828,6.8367,83.848
1.24,105.31,-0.12122,1.0101,7.7233,86.868
1.241,105.19,-0.12381,0.1355,6.9844,85.6
1.242,105.07,-0.12937,-0.93384,7.4524,85.427
1.243,104.92,-0.13209,-2.3254,6.7382,88.132
1.244,104.78,-0.13115,-0.25635,7.5263,90.835
1.245,104.65,-0.13285,1.8036,6.9598,84.95
1.246,104.53,-0.12509,2.1722,7.7233,82.248
1.247,104.41,-0.12035,0.66223,6.8859,82.258
1.248,104.3,-0.12122,0.53711,7.7725,81.444
1.249,104.18,-0.12784,-1.2048,6.8859,84.326
1.25,104.04,-0.13016,-2.4933,7.5755,73.827
1.251,103.89,-0.13112,-1.5955,7.1322,81.139
1.252,103.76,-0.13282,1.1932,7.5016,79.393
1.253,103.64,-0.1292,1.8213,7.2307,75.906
1.254,103.52,-0.12187,0.4718,7.5263,83.68
1.255,103.39,-0.12105,0.35095,7.083,76.058
1.256,103.28,-0.12876,-0.62622,7.674,89.248
1.257,103.15,-0.13106,-2.5653,7.5016,82.888
1.258,103,-0.13233,-2.4945,7.7479,79.232
1.259,102.86,-0.1347,0.8905,7.3292,79.244
1.26,102.73,-0.13353,1.7303,7.8464,83.837
1.261,102.61,-0.12431,1.1963,7.1568,80.659
1.262,102.48,-0.12241,0.98755,8.0188,79.074
1.263,102.38,-0.12635,0.10254,7.3292,79.24
1.264,102.25,-0.12976,-1.9214,7.5016,83.684
1.265,102.1,-0.13301,-1.9604,7.2554,81.619
1.266,101.96,-0.13391,0.29602,7.4524,78.429
1.267,101.82,-0.13221,1.5326,7.3785,82.083
1.268,101.71,-0.12487,2.4799,7.477,84.64
1.269,101.59,-0.1221,1.0376,7.3539,82.577
1.27,101.48,-0.12061,0.21179,7.5263,83.21
1.271,101.35,-0.12873,-1.3287,7.3539,87.033
1.272,101.22,-0.13115,-1.9183,7.2554,83.854
1.273,101.06,-0.13152,-1.4062,7.4278,88.455
1.274,100.93,-0.13169,1.7102,7.1322,86.547
1.275,100.82,-0.12765,1.8439,7.2554,82.574
1.276,100.69,-0.12018,0.77087,7.1815,86.549
1.277,100.58,-0.12193,0.38086,7.3046,82.253
1.278,100.46,-0.12766,-1.0461,7.2061,89.399
1.279,100.32,-0.12979,-2.4133,7.2061,78.283
1.28,100.18,-0.13288,-1.3068,6.7628,82.89
1.281,100.04,-0.13224,0.85449,7.3046,82.883
1.282,99.914,-0.12847,1.7175,6.8367,83.839
1.283,99.803,-0.12339,1.5649,7.3785,81.307
1.284,99.679,-0.1212,0.14343,6.3934,85.733
1.285,99.563,-0.12505,-0.75256,7.4524,83.523
1.286,99.435,-0.13152,-1.842,6.6397,83.203
1.287,99.288,-0.13223,-2.3505,7.28,84.797
1.288,99.145,-0.1326,0.029907,6.7874,82.412
1.289,99.018,-0.13295,1.9727,7.7972,79.079
1.29,98.9,-0.1249,1.1279,6.9352,84.636
1.291,98.77,-0.12166,0.35156,7.5755,82.719
1.292,98.664,-0.12659,0.24109,6.9352,83.529
1.293,98.537,-0.13084,-1.7883,7.5263,79.709
1.294,98.385,-0.13175,-2.049,7.0337,78.758
1.295,98.245,-0.13384,0.47607,7.7725,81.78
1.296,98.111,-0.13191,1.9952,6.9106,83.842
1.297,97.995,-0.12421,1.9971,7.6002,81.132
1.298,97.877,-0.12086,1.0217,7.28,74.945
1.299,97.764,-0.12176,-0.045166,7.5016,83.045
1.3,97.641,-0.12874,-1.6595,7.4031,92.586
1.301,97.503,-0.13213,-1.9794,7.8218,85.918
1.302,97.351,-0.13251,-0.80261,7.6248,80.834
1.303,97.217,-0.13076,2.0184,7.8957,88.606
1.304,97.102,-0.12578,2.5275,7.0337,86.23
1.305,96.987,-0.11864,1.2921,7.9203,76.849
1.306,96.874,-0.11949,0.090332,7.3292,86.392
1.307,96.758,-0.12605,-1.4075,7.674,81.621
1.308,96.619,-0.13031,-3.1946,7.3539,80.67
1.309,96.471,-0.13281,-1.8817,7.5509,83.199
1.31,96.336,-0.13462,0.55786,6.9352,84.952
1.311,96.21,-0.1289,1.9818,7.3785,88.768
1.312,96.085,-0.12326,1.3959,7.4278,80.179
1.313,95.975,-0.1204,1.2494,6.8859,83.366
1.314,95.855,-0.12583,-0.3717,7.674,83.358
1.315,95.734,-0.12837,-1.4349,7.1322,79.224
1.316,95.58,-0.13076,-2.0673,7.3785,88.298
1.317,95.443,-0.13043,0.54932,6.9598,80.662
1.318,95.321,-0.13074,1.5302,7.6494,86.224
1.319,95.203,-0.12309,1.283,6.9352,81.777
1.32,95.08,-0.12072,-0.25635,7.5016,77.177
1.321,94.965,-0.12435,-0.40649,6.9352,85.9
1.322,94.839,-0.13171,-2.1564,7.7725,85.593
1.323,94.699,-0.13277,-2.5482,6.7135,83.685
1.324,94.544,-0.13387,-0.77942,7.674,86.858
1.325,94.416,-0.13346,2.4957,6.812,87.5
1.326,94.296,-0.12824,1.8323,7.3046,80.034
1.327,94.172,-0.11924,1.2244,6.7628,85.098
1.328,94.058,-0.12361,0.95886,7.477,80.342
1.329,93.948,-0.12775,-0.97961,6.7874,77.485
1.33,93.798,-0.12867,-3.0212,7.674,83.847
1.331,93.657,-0.13314,-0.31982,6.9352,78.76
1.332,93.529,-0.13434,1.1609,7.7233,81.785
1.333,93.392,-0.12521,1.5961,7.1568,83.204
1.334,93.276,-0.12194,2.049,7.7479,82.58
1.335,93.172,-0.12068,1.4386,7.0583,87.506
1.336,93.047,-0.1229,-1.0541,7.8464,78.915
1.337,92.925,-0.12715,-1.5778,7.2307,84.958
1.338,92.778,-0.13048,-1.7731,7.5509,83.68
1.339,92.641,-0.12983,0.17761,7.4031,90.494
1.34,92.52,-0.12955,1.1206,7.6494,80.987
1.341,92.398,-0.12201,0.82947,7.2307,81.449
1.342,92.278,-0.12155,-0.043335,7.674,78.434
1.343,92.168,-0.12633,-0.401,7.4278,82.41
1.344,92.033,-0.13005,-2.0337,7.7725,77.964
1.345,91.888,-0.13156,-1.8524,7.3785,83.676
1.346,91.748,-0.13218,0.26978,7.7725,85.43
1.347,91.62,-0.13081,2.0038,7.2307,83.998
1.348,91.507,-0.12498,1.4423,7.4031,81.613
1.349,91.379,-0.12003,0.2832,7.3539,86.067
1.35,91.263,-0.12434,0.11841,7.5509,79.717
1.351,91.148,-0.13076,-1.6071,7.2061,93.683
1.352,90.998,-0.13022,-2.854,7.9449,83.997
1.353,90.853,-0.13302,-0.50171,7.3292,81.772
1.354,90.728,-0.1343,1.861,7.3539,81.94
1.355,90.598,-0.12685,1.38,7.4031,82.092
1.356,90.476,-0.12146,1.2445,6.8613,76.536
1.357,90.364,-0.12332,1.1493,7.2554,88.916
1.358,90.246,-0.12679,-1.167,6.6643,79.074
1.359,90.111,-0.12855,-2.5366,7.4524,81.296
1.36,89.964,-0.13269,-1.0382,6.9106,84.637
1.361,89.833,-0.13414,1.2109,7.477,87.336
1.362,89.7,-0.12851,1.1523,6.4919,88.463
1.363,89.575,-0.12074,1.7426,7.477,84.649
1.364,89.469,-0.12279,1.5601,6.9598,77.959
1.365,89.36,-0.12397,-0.36499,7.3046,81.146
1.366,89.219,-0.12634,-2.4377,6.9598,84.957
1.367,89.08,-0.13033,-1.4429,7.477,82.415
1.368,88.943,-0.13293,-0.14648,7.5509,81.305
1.369,88.817,-0.13,0.94727,7.6002,86.051
1.37,88.696,-0.12471,0.97473,7.4278,81.932
1.371,88.569,-0.1216,0.86853,7.8218,84.317
1.372,88.457,-0.12546,0.21362,7.2061,83.678
1.373,88.335,-0.12859,-1.1542,7.4524,89.245
1.374,88.19,-0.12894,-1.571,7.2554,79.239
1.375,88.053,-0.13048,-0.013428,7.5509,81.918
1.376,87.925,-0.12946,1.4038,7.3539,89.244
1.377,87.805,-0.12552,0.90454,7.4278,80.026
1.378,87.688,-0.12157,0.13367,7.3539,82.732
1.379,87.562,-0.12441,-0.53955,7.4524,76.532
1.38,87.445,-0.12981,-1.4166,7.1076,82.894
1.381,87.303,-0.13216,-2.4353,7.3046,86.218
1.382,87.155,-0.13261,-1.106,7.3539,85.268
1.383,87.027,-0.13374,1.673,7.0583,83.531
1.384,86.899,-0.12994,1.4532,7.3539,84.157
1.385,86.776,-0.12144,1.1469,6.9844,82.093
1.386,86.653,-0.12489,0.83191,7.5263,82.42
1.387,86.548,-0.12687,-0.10498,7.0583,82.253
1.388,86.403,-0.12958,-2.3761,7.6987,82.723
1.389,86.265,-0.13047,-0.48279,6.8367,81.617
1.39,86.128,-0.13333,0.65063,7.5263,84.471
1.391,86.001,-0.1273,1.7706,6.9352,82.725
1.392,85.882,-0.12362,1.6693,7.4524,78.926
1.393,85.766,-0.12073,1.1615,6.8367,83.689
1.394,85.647,-0.12212,-0.34241,7.5016,89.073
1.395,85.525,-0.12752,-1.1469,6.7382,79.717
1.396,85.39,-0.12902,-1.922,7.5755,86.229
1.397,85.244,-0.12935,-0.94849,6.8367,84.962
1.398,85.121,-0.13034,0.96741,7.1322,86.07
1.399,85,-0.12686,0.8844,6.812,83.211
1.4,84.873,-0.12268,0.1355,7.5755,82.562
1.401,84.756,-0.12459,0.097046,6.615,77.642
1.402,84.631,-0.12868,-0.97168,7.1815,86.699
1.403,84.498,-0.12986,-1.4893,6.7382,81.93
1.404,84.357,-0.13172,-0.32043,7.3046,82.891
1.405,84.224,-0.13013,1.0046,6.9844,84.313
1.406,84.097,-0.1262,1.1743,7.5263,83.672
1.407,83.98,-0.12365,0.83618,6.6643,81.938
1.408,83.867,-0.12398,-0.34668,7.5755,80.012
1.409,83.738,-0.12754,-1.5002,6.5904,87.653
1.41,83.604,-0.13186,-1.85,7.5263,83.848
1.411,83.459,-0.1337,-1.1383,6.9844,83.042
1.412,83.321,-0.1329,0.87708,7.4031,82.412
1.413,83.199,-0.12968,2.1576,6.8367,81.934
1.414,83.074,-0.12316,1.4966,7.5263,90.197
1.415,82.955,-0.12107,0.90698,6.9598,83.207
1.416,82.844,-0.12621,-0.062866,7.674,84.007
1.417,82.715,-0.12837,-1.6388,6.812,82.729
1.418,82.567,-0.12999,-1.9446,7.8218,85.415
1.419,82.432,-0.13135,0.67078,6.8859,84.479
1.42,82.305,-0.1308,1.3416,7.5016,83.199
1.421,82.187,-0.12286,1.1945,7.0583,82.413
1.422,82.061,-0.12166,0.39185,7.5509,82.411
1.423,81.953,-0.12402,0.0091553,6.9106,86.87
1.424,81.824,-0.12939,-1.5851,7.3046,85.429
1.425,81.685,-0.13075,-1.3464,6.812,86.714
1.426,81.54,-0.13079,0.14282,7.3785,87.502
1.427,81.408,-0.12839,1.8573,7.0091,87.183
1.428,81.299,-0.1233,2.3621,7.3046,79.557
1.429,81.182,-0.1201,0.64636,6.9106,81.469
1.43,81.069,-0.11894,-0.58655,7.5755,90.36
1.431,80.939,-0.12755,-1.6528,6.9106,80.341
1.432,80.813,-0.13133,-2.3535,7.4524,84.155
1.433,80.661,-0.13157,-2.027,7.4278,85.109
1.434,80.525,-0.13187,0.94543,7.2307,88.771
1.435,80.411,-0.12907,2.1851,7.4031,87.188
1.436,80.28,-0.12283,0.80505,7.5755,84.783
1.437,80.168,-0.1204,0.51636,7.5263,82.093
1.438,80.047,-0.12754,-0.66345,7.6248,81.617
1.439,79.923,-0.12929,-1.77,7.7725,86.858
1.44,79.773,-0.13239,-1.778,7.5263,83.532
1.441,79.634,-0.13168,1.0474,7.7479,79.869
1.442,79.506,-0.12929,1.9934,7.4524,84.462
1.443,79.389,-0.12231,2.1686,7.8464,82.736
1.444,79.277,-0.11932,0.88562,7.5509,83.842
1.445,79.162,-0.12155,0.0030518,7.7725,86.705
1.446,79.037,-0.12725,-1.571,7.4278,90.513
1.447,78.898,-0.12928,-2.276,7.674,78.604
1.448,78.753,-0.13016,-0.78125,7.5509,85.902
1.449,78.63,-0.1307,1.3721,7.6002,79.556
1.45,78.511,-0.12545,1.369,7.477,84.476
1.451,78.383,-0.12039,0.71411,8.0188,83.362
1.452,78.271,-0.12243,0.8429,7.5263,88.127
1.453,78.151,-0.12659,-0.70129,7.674,82.104
1.454,78.018,-0.12649,-1.9073,7.4278,86.393
1.455,77.878,-0.12896,-0.34668,8.0435,79.235
1.456,77.751,-0.12993,1.0858,7.3292,92.904
1.457,77.626,-0.12416,1.5778,7.8711,87.181
1.458,77.501,-0.12116,1.2225,7.4031,85.433
1.459,77.397,-0.1186,0.88928,7.6987,84.964
1.46,77.272,-0.12285,-0.75073,7.5016,84.154
1.461,77.158,-0.12548,-1.4758,7.8464,81.768
1.462,77.012,-0.12792,-2.171,7.2554,82.251
1.463,76.874,-0.12854,-0.31311,7.8957,82.891
1.464,76.758,-0.12946,1.5167,7.5016,85.587
1.465,76.629,-0.12441,0.49011,7.7233,82.1
1.466,76.511,-0.1179,0.33508,7.1815,89.559
1.467,76.389,-0.12547,0.17395,8.3636,88.608
1.468,76.284,-0.12686,-0.91858,7.1568,83.043
1.469,76.13,-0.12859,-2.8564,7.7479,84.798
1.47,75.995,-0.12901,0.11536,7.2554,81.459
1.471,75.868,-0.13218,1.6852,7.674,82.579
1.472,75.744,-0.12489,1.7456,7.3292,85.106
1.473,75.623,-0.11844,1.0864,7.7233,83.53
1.474,75.506,-0.11986,1.5344,6.9598,77.012
1.475,75.403,-0.12357,-0.46936,7.8464,86.38
1.476,75.268,-0.12451,-2.1997,7.083,80.982
1.477,75.127,-0.12724,-1.4258,7.5016,80.83
1.478,75.001,-0.12944,0.85266,6.8613,84.8
1.479,74.87,-0.12699,0.86853,7.6987,86.06
1.48,74.756,-0.11931,1.4465,6.8859,84.32
1.481,74.634,-0.12016,0.91431,7.6494,83.839
1.482,74.53,-0.12,0.41016,6.9598,87.015
1.483,74.4,-0.12487,-2.0026,7.6248,86.706
1.484,74.27,-0.12494,-0.85266,6.9352,91.145
1.485,74.131,-0.12932,-0.081787,7.674,87.805
1.486,74.009,-0.12443,1.8292,6.9598,87.659
1.487,73.883,-0.12041,1.5485,7.5509,86.863
1.488,73.778,-0.11572,2.0703,7.1815,94.334
1.489,73.668,-0.11719,-0.14038,7.7479,90.999
1.49,73.553,-0.11897,-1.3965,7.1322,92.745
1.491,73.423,-0.12513,-2.6416,7.5016,86.214
1.492,73.289,-0.1274,-1.8683,7.3785,81.781
1.493,73.152,-0.12893,-0.58716,7.4031,88.443
1.494,73.031,-0.12654,1.3898,7.477,84.154
1.495,72.908,-0.12191,1.0132,7.5755,82.251
1.496,72.79,-0.11818,0.92346,7.1568,80.191
1.497,72.679,-0.12233,0.03418,7.6494,86.056
1.498,72.561,-0.12431,-1.3263,7.28,82.095
1.499,72.419,-0.12636,-1.911,7.674,82.254
1.5,72.287,-0.12854,-0.14038,7.3046,86.7
1.501,72.158,-0.12773,1.4185,7.4031,84.004
1.502,72.036,-0.12303,1.662,7.3292,81.466
1.503,71.923,-0.11722,1.3806,7.5263,81.29
1.504,71.804,-0.11805,0.52795,7.1568,77.488
1.505,71.701,-0.12164,-0.46204,7.6494,76.217
1.506,71.568,-0.12509,-2.2754,7.477,82.888
1.507,71.428,-0.12534,-1.1517,7.3785,86.075
1.508,71.297,-0.12859,0.79102,7.2554,78.442
1.509,71.177,-0.12381,2.0154,7.4524,85.889
1.51,71.058,-0.11768,1.4575,7.2307,84.478
1.511,70.949,-0.11502,1.4392,7.2307,83.201
1.512,70.84,-0.11805,-0.3241,7.5509,81.77
1.513,70.722,-0.1214,-2.0831,7.6987,80.668
1.514,70.587,-0.12543,-2.149,7.6002,80.352
1.515,70.451,-0.1281,-0.87524,7.4524,86.698
1.516,70.322,-0.12576,1.1609,7.674,84.493
1.517,70.199,-0.12243,2.0764,7.5016,86.071
1.518,70.093,-0.11559,1.9678,7.7479,89.407
1.519,69.975,-0.11505,0.55298,7.5755,85.114
1.52,69.873,-0.11826,-0.36072,7.4524,84.171
1.521,69.747,-0.123,-2.2992,7.4031,77.332
1.522,69.608,-0.12423,-2.0746,7.9449,78.271
1.523,69.478,-0.12709,-0.25818,7.477,89.4
1.524,69.353,-0.12542,1.4038,8.0435,83.997
1.525,69.237,-0.11955,1.4398,7.4031,82.088
1.526,69.12,-0.11598,1.4783,7.9203,83.531
1.527,69.01,-0.11703,0.30884,7.5509,84.466
1.528,68.898,-0.1197,-1.1499,8.0435,86.071
1.529,68.768,-0.12388,-1.9434,7.4524,84.478
1.53,68.639,-0.1253,-0.85693,8.339,91.146
1.531,68.5,-0.1257,0.11108,7.3292,81.462
1.532,68.384,-0.12132,2.2278,8.0927,80.985
1.533,68.27,-0.11914,2.1515,7.3785,91.452
1.534,68.162,-0.11274,1.0657,7.9203,81.776
1.535,68.043,-0.11454,-0.36499,7.3539,85.272
1.536,67.936,-0.12037,-0.96069,7.8711,80.501
1.537,67.811,-0.12314,-2.4023,7.4524,84.159
1.538,67.668,-0.12395,-1.2244,8.0435,81.782
1.539,67.546,-0.12475,1.4691,7.3785,84.154
1.54,67.423,-0.12066,2.3511,8.0927,87.334
1.541,67.313,-0.11302,1.6339,7.083,82.725
1.542,67.208,-0.11139,1.3013,8.0188,86.063
1.543,67.103,-0.11578,-0.38025,7.1076,83.202
1.544,66.989,-0.11825,-2.2058,7.7725,80.192
1.545,66.844,-0.12256,-2.2583,7.1076,89.414
1.546,66.721,-0.12405,-0.018311,7.9696,79.393
1.547,66.595,-0.12268,1.3416,7.4031,91.159
1.548,66.483,-0.11587,2.439,7.7479,84.163
1.549,66.376,-0.11154,2.3254,7.3046,86.386
1.55,66.265,-0.11037,0.92285,7.8464,88.45
1.551,66.164,-0.11242,-0.83801,7.1322,91.937
1.552,66.043,-0.11807,-2.5635,7.8464,82.24
1.553,65.921,-0.12006,-2.3126,7.1568,83.683
1.554,65.785,-0.12436,-1.2256,7.8464,84.95
1.555,65.665,-0.12193,1.2103,7.1568,82.406
1.556,65.542,-0.11855,1.8152,7.8464,90.042
1.557,65.433,-0.11201,2.5342,7.1568,87.016
1.558,65.328,-0.11098,0.96191,7.9203,85.425
1.559,65.225,-0.11169,-0.26367,7.2307,86.069
1.56,65.11,-0.11712,-1.9629,7.6494,82.408
1.561,64.984,-0.11987,-1.9086,7.0337,83.683
1.562,64.848,-0.12183,-1.1084,7.7233,81.62
1.563,64.729,-0.12053,1.2347,7.1815,92.41
1.564,64.616,-0.11723,2.0721,7.7233,88.775
1.565,64.507,-0.11095,1.7188,7.0337,87.179
1.566,64.397,-0.10951,0.68481,7.5016,72.56
1.567,64.293,-0.11324,-0.025024,7.2554,94.484
1.568,64.181,-0.1171,-1.6998,8.3883,86.065
1.569,64.05,-0.11735,-1.6589,7.1568,87.344
1.57,63.922,-0.11945,0.092163,7.6494,87.328
1.571,63.811,-0.1178,1.4825,7.2307,90.518
1.572,63.696,-0.11277,1.9287,7.5509,86.696
1.573,63.592,-0.10969,1.6638,7.0583,84.472
1.574,63.486,-0.10771,0.28748,7.9942,84.161
1.575,63.373,-0.11113,-1.1328,7.1076,86.709
1.576,63.272,-0.11637,-1.474,7.6248,90.974
1.577,63.14,-0.11844,-1.9714,7.5016,87.66
1.578,63.01,-0.11706,0.093384,7.8218,97.195
1.579,62.894,-0.11757,1.8475,7.8218,84.795
1.58,62.788,-0.11066,2.9059,7.8711,83.691
1.581,62.684,-0.10713,1.5399,7.6248,83.844
1.582,62.587,-0.10391,0.61157,7.7725,82.237
1.583,62.474,-0.10936,-1.6986,7.8957,86.547
1.584,62.374,-0.11451,-2.287,7.477,86.062
1.585,62.241,-0.11916,-3.1195,8.0188,81.614
1.586,62.112,-0.11856,-0.73242,7.7233,85.586
1.587,61.991,-0.11951,1.109,7.9942,82.101
1.588,61.882,-0.11302,3.2104,7.5263,88.121
1.589,61.777,-0.10896,2.6178,7.9942,74.464
1.59,61.676,-0.1031,1.4691,7.5509,83.997
1.591,61.567,-0.10547,-0.60791,8.0681,86.064
1.592,61.475,-0.11216,-1.7145,7.2554,78.598
1.593,61.354,-0.11606,-3.3533,7.6248,91.475
1.594,61.216,-0.11754,-2.4475,6.8367,82.72
1.595,61.096,-0.11987,0.63477,7.9203,84.799
1.596,60.979,-0.11771,1.8866,7.0583,85.269
1.597,60.876,-0.10899,2.4396,7.6248,84.156
1.598,60.766,-0.10663,1.9659,7.28,81.618
1.599,60.671,-0.10534,0.88806,7.8464,83.211
1.6,60.563,-0.11004,-1.496,7.1076,83.187
1.601,60.453,-0.11327,-2.1222,7.674,85.589
1.602,60.326,-0.11647,-2.0398,7.083,85.435
1.603,60.199,-0.11724,-0.12939,7.6248,84.629
1.604,60.089,-0.11554,1.2402,7.0583,85.269
1.605,59.976,-0.11069,2.0947,7.7725,86.067
1.606,59.875,-0.10707,1.7889,7.2554,88.917
1.607,59.772,-0.10599,0.36865,7.9203,90.845
1.608,59.664,-0.10829,-0.86121,7.28,88.295
1.609,59.559,-0.11369,-1.3495,7.9203,88.133
1.61,59.435,-0.11499,-1.7914,7.1815,92.421
1.611,59.306,-0.11382,-0.62805,7.7972,83.215
1.612,59.197,-0.11495,1.676,7.3292,80.983
1.613,59.095,-0.11143,2.3846,7.674,80.339
1.614,58.984,-0.10531,1.8256,7.1322,85.108
1.615,58.878,-0.10307,1.109,7.477,80.342
1.616,58.78,-0.10469,-0.27893,7.4278,94.644
1.617,58.682,-0.10941,-2.063,7.2061,84.633
1.618,58.571,-0.11283,-2.782,7.1322,86.058
1.619,58.437,-0.11563,-1.9226,7.3046,86.692
1.62,58.314,-0.11698,0.39856,7.8464,84.157
1.621,58.202,-0.1143,1.7633,7.6987,91.311
1.622,58.097,-0.10741,2.3822,7.2554,82.407
1.623,58,-0.10401,2.1521,7.7725,84.476
1.624,57.9,-0.10372,0.32471,7.1815,83.053
1.625,57.793,-0.10622,-1.5637,7.6987,87.648
1.626,57.683,-0.11268,-2.3914,7.5509,84.638
1.627,57.566,-0.11523,-2.1399,7.5263,80.343
1.628,57.437,-0.11597,-0.80322,7.8464,84.475
1.629,57.324,-0.11442,1.7108,7.5016,80.664
1.63,57.214,-0.11024,2.7271,7.7725,84.307
1.631,57.111,-0.10413,2.3669,7.6002,88.132
1.632,57.015,-0.1016,1.272,7.6002,80.979
1.633,56.916,-0.10414,-0.61401,7.5016,83.998
1.634,56.816,-0.10806,-2.2009,7.7725,78.275
1.635,56.693,-0.11331,-2.9041,7.5509,82.576
1.636,56.571,-0.11513,-1.4624,7.9696,83.043
1.637,56.448,-0.11612,0.58228,7.674,86.86
1.638,56.34,-0.11145,2.6276,8.0435,86.392
1.639,56.235,-0.10515,2.7362,7.5016,87.496
1.64,56.136,-0.10017,2.6068,7.7725,88.615
1.641,56.045,-0.10145,0.48767,7.5016,87.495
1.642,55.948,-0.10308,-1.5234,8.0681,84.797
1.643,55.833,-0.10901,-3.4485,7.8464,84.772
1.644,55.72,-0.11276,-2.4457,7.9449,85.905
1.645,55.591,-0.11741,-1.7322,7.6494,79.711
1.646,55.481,-0.11368,1.0248,8.0927,88.127
1.647,55.361,-0.11174,2.5531,7.477,84.795
1.648,55.265,-0.10388,3.8116,8.0927,77.177
1.649,55.161,-0.099997,2.1484,7.5755,88.121
1.65,55.071,-0.098352,0.82825,7.8711,82.258
1.651,54.981,-0.10294,-1.7822,7.4524,87.02
1.652,54.869,-0.1076,-2.9791,8.0435,84
1.653,54.75,-0.1128,-2.7893,7.674,80.979
1.654,54.623,-0.11489,-1.1011,7.6002,84.647
1.655,54.507,-0.1123,0.97412,7.8711,86.52
1.656,54.407,-0.10844,2.9083,7.8218,83.842
1.657,54.307,-0.10273,2.5024,7.7725,80.345
1.658,54.208,-0.098254,1.3196,7.8464,85.429
1.659,54.109,-0.10238,-0.52185,7.674,86.23
1.66,54.016,-0.1057,-1.7792,7.7479,81.462
1.661,53.895,-0.11105,-3.0981,7.674,86.218
1.662,53.779,-0.11163,-1.2555,7.8464,83.842
1.663,53.652,-0.11375,0.057373,7.477,88.92
1.664,53.551,-0.10866,2.0837,7.7725,87.334
1.665,53.447,-0.10541,2.2351,7.6002,81.611
1.666,53.352,-0.10063,1.9849,7.674,79.245
1.667,53.252,-0.10045,0.31067,7.6494,94.478
1.668,53.149,-0.10382,-0.93262,7.8711,84.004
1.669,53.049,-0.1071,-2.0068,7.6002,90.847
1.67,52.928,-0.11008,-2.0496,8.2159,85.748
1.671,52.816,-0.11067,0.17761,7.7479,87.658
1.672,52.701,-0.1107,1.0242,7.6987,93.217
1.673,52.596,-0.10293,2.4103,7.4031,82.722
1.674,52.495,-0.10198,2.5623,7.8957,71.601
1.675,52.414,-0.098026,2.0947,7.4278,84.791
1.676,52.306,-0.097855,-1.1224,7.6494,85.572
1.677,52.211,-0.10023,-1.2329,7.4524,82.563
1.678,52.107,-0.10854,-2.1423,7.477,90.684
1.679,51.994,-0.10815,-1.9977,7.6248,84.957
1.68,51.871,-0.10874,-0.57983,7.7233,84.946
1.681,51.765,-0.10784,2.0288,7.674,82.094
1.682,51.667,-0.10313,2.2015,7.7725,84.156
1.683,51.568,-0.098401,2.464,8.0435,87.34
1.684,51.479,-0.097141,1.7999,7.6248,84.318
1.685,51.379,-0.096417,-0.70312,7.674,88.283
1.686,51.28,-0.098843,-1.8475,7.6248,88.77
1.687,51.185,-0.10664,-2.2717,7.477,84.631
1.688,51.073,-0.10764,-2.1985,7.5509,90.202
1.689,50.945,-0.1085,-0.98999,7.4524,80.342
1.69,50.841,-0.10741,1.9678,7.477,82.742
1.691,50.737,-0.10379,2.5732,7.6002,87.006
1.692,50.648,-0.096802,2.8088,7.5263,81.618
1.693,50.554,-0.094772,1.7743,7.5263,82.571
1.694,50.461,-0.094455,-0.018921,7.3292,87.011
1.695,50.367,-0.098538,-2.3535,7.8464,83.045
1.696,50.265,-0.10389,-2.5165,7.3292,82.254
1.697,50.156,-0.10857,-2.3962,7.9449,95.12
1.698,50.035,-0.10735,-0.98328,7.6987,87.646
1.699,49.919,-0.10644,1.311,7.7725,81.941
1.7,49.83,-0.10345,3.5034,7.7725,88.454
1.701,49.733,-0.097333,2.3853,7.9696,86.859
1.702,49.638,-0.091052,2.0013,7.9203,84.327
1.703,49.548,-0.095428,0.07019,7.6248,78.442
1.704,49.463,-0.096429,-1.6351,7.7972,81.768
1.705,49.353,-0.1031,-3.4015,7.477,85.904
1.706,49.251,-0.10551,-1.8323,7.7972,82.719
1.707,49.123,-0.10806,-0.79773,7.674,85.586
1.708,49.021,-0.10459,1.8475,7.7972,87.336
1.709,48.923,-0.10042,3.4052,7.6987,85.594
1.71,48.83,-0.093866,4.2603,7.9449,82.709
1.711,48.748,-0.088483,2.8088,7.9449,87.813
1.712,48.654,-0.086758,1.0205,7.9696,85.427
1.713,48.578,-0.090546,-1.3831,7.6002,81.456
1.714,48.489,-0.095316,-3.5297,8.0188,84.953
1.715,48.377,-0.10078,-4.212,7.6494,84.641
1.716,48.272,-0.10613,-2.3004,8.0188,89.401
1.717,48.15,-0.10782,-0.63293,7.8711,78.919
1.718,48.048,-0.10205,2.5372,7.9449,88.289
1.719,47.95,-0.09848,4.2462,7.8711,84.314
1.72,47.867,-0.088095,4.8877,8.0435,82.096
1.721,47.779,-0.0849,2.7515,7.7972,87.977
1.722,47.709,-0.08338,0.59631,7.9203,84.457
1.723,47.623,-0.08829,-2.97,7.7233,86.858
1.724,47.533,-0.095499,-4.1052,8.1666,85.744
1.725,47.425,-0.10294,-4.4849,7.8464,81.927
1.726,47.302,-0.10543,-2.6611,8.2897,86.074
1.727,47.194,-0.1058,0.74585,8.1173,84.638
1.728,47.096,-0.1016,3.4186,8.1173,88.446
1.729,47.004,-0.091769,4.2957,7.5509,92.272
1.73,46.917,-0.085852,4.4507,7.7725,91.47
1.731,46.843,-0.083948,2.9608,7.8711,89.717
1.732,46.765,-0.083551,-1.1444,8.0188,87.493
1.733,46.676,-0.086792,-3.02,7.8464,84.325
1.734,46.586,-0.097491,-4.1168,8.0927,86.053
1.735,46.484,-0.10095,-4.0283,8.3883,84.797
1.736,46.356,-0.10453,-2.6935,7.9696,85.104
1.737,46.26,-0.10369,1.7517,7.8957,82.406
1.738,46.154,-0.10026,3.0359,8.142,85.27
1.739,46.068,-0.088733,5.0391,7.6494,83.362
1.74,45.982,-0.085773,3.9081,7.8218,87.489
1.741,45.912,-0.079337,2.7771,7.7725,89.549
1.742,45.832,-0.084152,-1.2146,8.0927,84.476
1.743,45.757,-0.086374,-2.4304,7.3785,84.156
1.744,45.647,-0.094806,-4.3091,7.8464,79.862
1.745,45.55,-0.097925,-2.7881,7.6494,86.866
1.746,45.438,-0.10088,-1.5985,7.8711,86.528
1.747,45.342,-0.098093,1.7249,7.1322,87.017
1.748,45.253,-0.094366,2.9047,7.9942,84.314
1.749,45.157,-0.086182,3.913,7.3785,87.968
1.75,45.079,-0.083401,3.8062,8.1173,88.452
1.751,45.007,-0.081317,2.2247,7.5263,77.964
1.752,44.925,-0.079062,-1.3007,7.7479,83.353
1.753,44.846,-0.083243,-2.5989,7.3785,81.619
1.754,44.761,-0.092685,-3.725,7.8957,80.345
1.755,44.662,-0.096396,-4.2645,6.9598,84.472
1.756,44.544,-0.099942,-2.4719,7.9203,80.501
1.757,44.443,-0.10038,1.2347,7.1815,85.915
1.758,44.346,-0.095602,2.934,7.7233,85.118
1.759,44.26,-0.086511,4.5612,7.3046,90.198
1.76,44.184,-0.081726,4.7882,7.8957,78.6
1.761,44.111,-0.077136,2.8278,7.0337,87.652
1.762,44.034,-0.076443,-0.0085449,8.0188,81.295
1.763,43.961,-0.081464,-2.5708,7.0337,86.696
1.764,43.877,-0.086554,-3.9557,7.8711,86.698
1.765,43.777,-0.09458,-4.7632,7.2307,84.768
1.766,43.678,-0.096915,-2.9681,7.7725,86.54
1.767,43.561,-0.10026,-0.80933,7.2061,77.959
1.768,43.476,-0.096304,2.4829,7.7725,86.697
1.769,43.376,-0.090601,3.4302,7.2061,84.63
1.77,43.295,-0.082166,4.8834,7.6494,85.116
1.771,43.225,-0.079764,3.8501,7.1815,89.233
1.772,43.151,-0.075842,0.93811,7.6987,90.035
1.773,43.077,-0.077054,-1.7078,7.477,86.389
1.774,42.997,-0.08591,-3.6957,7.8957,91.461
1.775,42.91,-0.090704,-4.9152,7.1815,79.872
1.776,42.796,-0.098242,-4.1473,7.7725,86.225
1.777,42.697,-0.10042,-0.8429,7.1076,87.006
1.778,42.586,-0.097791,1.0498,7.8218,84.797
1.779,42.495,-0.090125,4.1351,7.1322,84.312
1.78,42.421,-0.085455,5.2118,7.6494,87.806
1.781,42.345,-0.077567,3.9136,7.1076,82.576
1.782,42.27,-0.074359,1.897,7.674,86.697
1.783,42.198,-0.078223,-0.090942,7.0583,89.719
1.784,42.123,-0.08064,-3.5046,7.6494,82.725
1.785,42.03,-0.08591,-4.5654,7.0337,80.335
1.786,41.942,-0.09509,-3.5706,7.6248,82.562
1.787,41.84,-0.097186,-2.5043,7.0583,81.136
1.788,41.723,-0.096075,-0.42786,7.6987,91.315
1.789,41.637,-0.093161,3.2013,6.8859,85.893
1.79,41.55,-0.088049,4.0869,7.7479,87.021
1.791,41.476,-0.079083,3.9648,7.1568,84.159
1.792,41.4,-0.076752,2.865,7.8218,88.769
1.793,41.327,-0.076251,0.75195,7.1815,81.933
1.794,41.253,-0.078836,-2.4103,7.6248,80.821
1.795,41.168,-0.08429,-3.5925,7.083,86.369
1.796,41.082,-0.091135,-4.5569,7.6987,83.363
1.797,40.979,-0.094714,-3.0786,7.1322,85.272
1.798,40.872,-0.099036,-0.89966,7.674,86.047
1.799,40.78,-0.094229,1.7749,7.4278,84.63
1.8,40.673,-0.088788,2.9785,7.6248,85.594
1.801,40.611,-0.08226,5.0195,7.3785,83.68
1.802,40.535,-0.079822,2.9858,7.8464,87.167
1.803,40.46,-0.073938,1.1859,7.674,84.471
1.804,40.381,-0.0793,-0.75684,7.5263,83.836
1.805,40.304,-0.082858,-2.9926,7.7479,88.921
1.806,40.214,-0.086044,-4.7699,7.477,83.054
1.807,40.12,-0.094785,-2.9156,7.6002,84.468
1.808,40.03,-0.097787,-1.4923,7.8711,84.946
1.809,39.907,-0.093878,-0.31311,7.5755,85.586
1.81,39.815,-0.09032,3.4094,7.6002,87.173
1.811,39.745,-0.08761,4.3231,7.7972,92.261
1.812,39.669,-0.077737,3.2013,7.6987,81.939
1.813,39.592,-0.076172,1.6101,7.7972,86.686
1.814,39.518,-0.077872,0.97046,7.6494,86.379
1.815,39.434,-0.082269,-2.7222,7.5755,85.581
1.816,39.356,-0.082758,-3.0719,7.7972,87.807
1.817,39.257,-0.091348,-3.6047,7.7479,81.926
1.818,39.178,-0.091531,-1.5033,7.7233,82.891
1.819,39.061,-0.095895,-1.4258,7.7233,86.22
1.82,38.976,-0.089786,1.4008,7.6248,90.044
1.821,38.876,-0.089886,1.8408,7.9203,83.373
1.822,38.808,-0.084344,3.4644,7.8218,89.24
1.823,38.729,-0.082327,1.7706,7.7233,88.127
1.824,38.639,-0.078574,1.7865,7.5755,76.858
1.825,38.565,-0.080933,-0.097656,8.2405,86.855
1.826,38.483,-0.080954,-0.77087,7.6002,86.378
1.827,38.404,-0.084833,-2.2015,7.9696,82.246
1.828,38.324,-0.086182,-1.8658,7.8218,89.079
1.829,38.215,-0.089581,-1.9635,7.8711,84.631
1.83,38.134,-0.090262,-0.2356,7.6987,86.859
1.831,38.035,-0.090771,0.34058,7.9696,84.151
1.832,37.952,-0.086011,1.6595,7.674,85.256
1.833,37.87,-0.084479,2.1112,8.1912,85.111
1.834,37.785,-0.081284,2.4414,7.5016,86.061
1.835,37.711,-0.079706,1.2268,8.0188,87.814
1.836,37.629,-0.078564,0.23071,7.7972,86.222
1.837,37.554,-0.079877,-1.0229,7.7479,88.768
1.838,37.477,-0.083325,-1.2433,7.4524,80.653
1.839,37.386,-0.086398,-2.3712,7.6494,89.239
1.84,37.295,-0.085922,-1.9229,7.2061,89.56
1.841,37.197,-0.090421,-0.52338,7.7725,86.372
1.842,37.124,-0.089491,0.76904,7.4278,88.282
1.843,37.025,-0.085942,0.44952,8.0188,79.236
1.844,36.938,-0.082553,2.1786,7.2307,88.593
1.845,36.865,-0.083675,2.3828,7.8957,83.838
1.846,36.784,-0.079527,1.4346,7.28,88.767
1.847,36.706,-0.077577,0.19958,7.8218,82.726
1.848,36.628,-0.078769,0.46448,7.6002,85.274
1.849,36.551,-0.081555,-1.4734,7.5263,87.822
1.85,36.471,-0.081352,-1.8863,7.5509,88.916
1.851,36.376,-0.086894,-2.2189,7.9696,82.89
1.852,36.299,-0.087009,-1.6394,7.9203,84.952
1.853,36.193,-0.089864,-1.4056,7.5509,86.54
1.854,36.116,-0.089752,0.95642,8.0188,84.001
1.855,36.022,-0.08838,1.3083,7.9449,82.401
1.856,35.928,-0.082112,2.2531,7.8218,84.458
1.857,35.857,-0.080467,3.2217,7.4278,84.63
1.858,35.783,-0.078598,2.4057,7.9696,80.813
1.859,35.713,-0.073643,0.68481,7.477,87.813
1.86,35.629,-0.076352,-1.3107,8.2159,83.519
1.861,35.559,-0.078688,-1.7477,7.674,81.458
1.862,35.476,-0.087021,-3.6841,8.2159,84.624
1.863,35.389,-0.087337,-3.0338,7.3292,86.69
1.864,35.278,-0.092064,-2.5073,7.8464,82.25
1.865,35.192,-0.091521,1.0727,7.2307,80.496
1.866,35.099,-0.091225,1.7297,7.8957,82.567
1.867,35.018,-0.081657,3.548,7.0583,82.255
1.868,34.933,-0.078688,3.3963,7.6002,94.472
1.869,34.87,-0.074324,3.371,7.1568,80.022
1.87,34.799,-0.074539,0.24475,7.6002,80.184
1.871,34.727,-0.07437,-1.1948,7.0091,86.218
1.872,34.645,-0.080434,-3.1738,7.7725,92.888
1.873,34.561,-0.084662,-4.0897,7.28,90.673
1.874,34.468,-0.090193,-3.4549,7.6494,84.778
1.875,34.375,-0.094987,-1.485,7.3539,89.706
1.876,34.277,-0.091644,0.45319,7.5016,90.667
1.877,34.17,-0.087859,2.8088,7.4031,88.29
1.878,34.103,-0.082396,5.3726,7.674,83.842
1.879,34.028,-0.076149,4.4116,7.3539,84.005
1.88,33.963,-0.068124,2.5775,7.7725,84.961
1.881,33.896,-0.069586,0.71899,7.5263,88.601
1.882,33.83,-0.074971,-1.7368,7.6248,90.354
1.883,33.755,-0.078801,-5.1913,7.674,87.335
1.884,33.653,-0.084833,-4.8627,7.6494,85.268
1.885,33.569,-0.094081,-2.7518,7.9203,77.328
1.886,33.472,-0.0939,-1.4398,7.6002,84.778
1.887,33.359,-0.08873,0.53284,8.1666,79.545
1.888,33.285,-0.086,4.5499,7.7233,84.79
1.889,33.21,-0.082169,4.8285,8.0435,81.764
1.89,33.139,-0.071332,3.2913,7.6248,84.629
1.891,33.061,-0.069757,2.4734,7.7479,88.136
1.892,33.003,-0.072273,1.3446,7.6248,88.756
1.893,32.937,-0.073633,-2.8973,8.0927,82.717
1.894,32.848,-0.075446,-3.627,7.2554,86.857
1.895,32.771,-0.085818,-3.4933,7.8957,78.753
1.896,32.684,-0.087892,-3.7698,7.3539,85.108
1.897,32.574,-0.08974,-2.0587,8.1173,85.599
1.898,32.497,-0.092482,1.7502,7.28,81.448
1.899,32.4,-0.085739,2.6752,7.8464,86.057
1.9,32.309,-0.077068,4.0875,7.0337,86.697
1.901,32.255,-0.074516,4.8285,7.9942,80.338
1.902,32.188,-0.069302,2.623,7.2061,87.97
1.903,32.125,-0.06834,0.2948,7.5755,89.87
1.904,32.053,-0.072624,-1.6507,7.0337,88.608
1.905,31.967,-0.075594,-3.2965,7.8711,83.665
1.906,31.892,-0.08277,-3.1262,7.28,92.1
1.907,31.81,-0.085785,-2.4664,7.6248,85.581
1.908,31.711,-0.083971,-1.4487,7.674,87.176
1.909,31.624,-0.084956,1.4603,7.6248,89.405
1.91,31.547,-0.082837,2.7206,7.5263,84.803
1.911,31.467,-0.075468,2.4258,7.674,88.761
1.912,31.396,-0.072182,2.4915,7.6494,86.218
1.913,31.333,-0.071841,1.6934,7.674,90.668
1.914,31.263,-0.072499,-0.33783,8.0927,83.673
1.915,31.188,-0.07437,-1.6391,7.4278,84.467
1.916,31.104,-0.077158,-1.3196,7.9696,82.252
1.917,31.024,-0.080377,-0.6076,7.5263,87.003
1.918,30.948,-0.078439,-0.72998,7.8711,82.409
1.919,30.862,-0.075537,0.59387,7.3539,83.675
1.92,30.796,-0.07802,1.5982,7.8957,83.988
1.921,30.727,-0.074188,0.79803,7.2061,82.889
1.922,30.634,-0.072386,-0.15869,7.7233,81.451
1.923,30.577,-0.074449,1.3037,7.1815,86.68
1.924,30.5,-0.076331,-0.50354,7.8218,84.476
1.925,30.424,-0.071501,-0.25818,7.0337,86.214
1.926,30.345,-0.076706,0.40375,7.9942,88.446
1.927,30.277,-0.073677,0.99518,6.9844,85.584
1.928,30.193,-0.07243,0.63904,7.7972,83.046
1.929,30.131,-0.071355,2.3264,7.4031,85.418
1.93,30.061,-0.068306,1.2103,8.0188,84.639
1.931,29.988,-0.065074,0.19012,6.8613,85.262
1.932,29.935,-0.067625,-0.16754,7.3539,85.105
1.933,29.868,-0.07148,-1.666,7.0091,87.167
1.934,29.793,-0.072192,-2.5211,7.8218,79.864
1.935,29.704,-0.076636,-2.106,7.2061,87.969
1.936,29.627,-0.077679,0.18829,7.6987,83.831
1.937,29.552,-0.078156,0.56427,7.0091,83.686
1.938,29.479,-0.070538,2.2351,7.6248,85.269
1.939,29.402,-0.069371,2.6593,7.2554,84.636
1.94,29.351,-0.06546,3.176,7.7479,85.115
1.941,29.281,-0.064383,0.83893,7.2554,85.9
1.942,29.225,-0.062276,0.31494,7.7233,88.908
1.943,29.158,-0.066344,-1.3263,6.9844,85.745
1.944,29.091,-0.067796,-1.9635,7.8218,81.772
1.945,29.02,-0.072092,-2.5458,7.2307,84.15
1.946,28.942,-0.0742,-2.2266,7.6494,83.205
1.947,28.864,-0.075005,-1.1761,7.2554,76.049
1.948,28.787,-0.077477,0.177,7.7479,89.234
1.949,28.716,-0.073677,0.78003,7.4278,90.51
1.95,28.632,-0.071207,1.2219,7.674,79.224
1.951,28.573,-0.0703,2.002,6.8859,81.61
1.952,28.508,-0.068895,1.199,7.5755,86.858
1.953,28.435,-0.067467,0.77972,7.3785,95.107
1.954,28.371,-0.067682,0.32867,7.6248,87.192
1.955,28.295,-0.067308,0.55115,7.3046,83.516
1.956,28.235,-0.068657,0.37415,7.5755,84.79
1.957,28.172,-0.066139,0.12451,7.4278,85.901
1.958,28.092,-0.065596,-0.54413,7.5016,81.298
1.959,28.041,-0.067059,-0.081482,7.3785,89.724
1.96,27.967,-0.070029,-2.0837,7.5016,88.437
1.961,27.899,-0.069064,-2.1649,7.5016,83.998
1.962,27.821,-0.076558,-2.1445,7.3046,90.031
1.963,27.746,-0.076421,-1.3531,7.5509,84.152
1.964,27.658,-0.077782,-1.0248,7.3785,79.227
1.965,27.585,-0.076794,1.5714,7.7725,77.643
1.966,27.511,-0.074188,2.1854,7.6002,94.463
1.967,27.437,-0.068701,2.9837,7.9203,85.588
1.968,27.375,-0.065494,3.2031,7.3785,87.976
1.969,27.314,-0.062863,2.5574,8.0188,81.772
1.97,27.257,-0.060779,-0.25879,7.3785,84.317
1.971,27.196,-0.061401,-1.9363,7.9696,81.62
1.972,27.134,-0.069995,-3.6911,7.28,83.506
1.973,27.068,-0.075175,-4.5728,7.8218,78.759
1.974,26.964,-0.081319,-5.0671,7.0091,83.832
1.975,26.881,-0.083643,-1.5778,7.8464,84.624
1.976,26.79,-0.086737,0.41077,6.8367,88.284
1.977,26.715,-0.077884,3.4006,7.5016,81.606
1.978,26.635,-0.073122,4.516,6.8613,88.425
1.979,26.575,-0.064316,5.9262,7.4524,83.672
1.98,26.516,-0.061063,3.3554,7.083,88.443
1.981,26.468,-0.057106,2.1487,7.4524,89.077
1.982,26.41,-0.061107,-2.0538,6.9106,85.9
1.983,26.349,-0.062378,-3.7131,7.674,83.367
1.984,26.27,-0.074585,-5.6949,7.0583,88.594
1.985,26.204,-0.079628,-4.5953,7.5755,86.7
1.986,26.095,-0.08558,-4.874,7.083,81.769
1.987,26.012,-0.084084,-0.36255,7.477,87.648
1.988,25.921,-0.086748,1.8314,7.1322,82.72
1.989,25.849,-0.076398,4.3097,7.674,79.555
1.99,25.77,-0.070471,4.1235,7.4278,84.626
1.991,25.713,-0.064032,5.1031,7.5016,80.486
1.992,25.66,-0.063466,2.2079,7.3785,86.222
1.993,25.601,-0.061232,-0.10162,7.9203,84.306
1.994,25.532,-0.065358,-2.6477,7.4031,89.87
1.995,25.464,-0.070979,-2.9379,7.6248,79.545
1.996,25.386,-0.077271,-3.8382,7.3046,90.505
1.997,25.305,-0.078156,-3.2465,7.6987,75.411
1.998,25.215,-0.080423,-1.2042,7.6248,95.126
1.999,25.141,-0.08159,1.1765,7.6494,91.467
2,25.062,-0.077,1.5439,7.6494,91.467
