0.001,540.54,0,0,6.0978,-3.5082
0.002,539.24,-1.3047,0,5.9501,6.8211
0.003,538.01,-1.2716,33.101,5.9254,-3.1907
0.004,536.73,-1.2726,9.9609,5.7284,3.4767
0.005,535.44,-1.2748,2.7319,6.1225,3.648
0.006,534.18,-1.2887,-5.4191,5.8762,1.7296
0.007,532.86,-1.291,-6.8042,6.3441,-4.1428
0.008,531.57,-1.2987,-7.4756,5.9008,-3.5138
0.009,530.27,-1.3066,-5.332,6.0732,-0.016223
0.01,528.94,-1.3122,-7.7222,5.9008,3.9562
0.011,527.65,-1.3154,-6.6772,6.0978,-0.16796
0.012,526.3,-1.3296,-7.1875,5.9254,4.1075
0.013,524.99,-1.3321,-7.5073,6.0978,-4.1467
0.014,523.63,-1.3426,-8.7915,5.5068,2.2035
0.015,522.28,-1.3497,-7.1216,5.753,1.244
0.016,520.93,-1.3593,-7.6392,5.6053,0.93437
0.017,519.56,-1.3652,-7.9199,5.3097,0.44332
0.018,518.2,-1.3703,-6.3965,5.4575,0.29311
0.019,516.8,-1.3822,-6.8628,5.8516,-3.6726
0.02,515.43,-1.3817,-5.2979,5.4082,3.4783
0.021,514.02,-1.3936,-6.8555,5.7284,3.1669
0.022,512.65,-1.3917,-4.8901,5.4082,-1.7623
0.023,511.23,-1.4045,-7.4121,5.6545,-1.1356
0.024,509.84,-1.4066,-5.9741,5.4575,-2.2376
0.025,508.41,-1.4188,-8.1714,5.5314,-7.8024
0.026,506.99,-1.4235,-7.5415,5.3097,4.4196
0.027,505.55,-1.4326,-7.6904,5.6053,3.1504
0.028,504.11,-1.4422,-7.605,5.4575,2.0219
0.029,502.68,-1.4451,-7.4146,5.6299,-3.8332
0.03,501.2,-1.4568,-7.3926,5.162,3.1613
0.031,499.77,-1.4606,-6.311,5.4082,0.46015
0.032,498.27,-1.4696,-7.2046,5.1127,-0.17438
0.033,496.81,-1.4738,-5.874,5.2605,-0.33772
0.034,495.33,-1.4811,-6.5527,5.162,-2.3996
0.035,493.83,-1.4862,-6.4819,5.359,-3.3404
0.036,492.36,-1.4933,-7.7808,4.9649,6.6551
0.037,490.84,-1.502,-7.395,5.7284,6.8068
0.038,489.34,-1.5127,-7.2583,4.6694,0.77369
0.039,487.82,-1.5181,-8.2422,5.1373,2.5038
0.04,486.26,-1.5224,-6.687,4.5216,5.5441
0.041,484.77,-1.5346,-4.9292,5.0142,2.8419
0.042,483.23,-1.5354,-7.1436,4.5955,-0.65327
0.043,481.67,-1.5374,-6.46,4.9157,-4.6232
0.044,480.14,-1.5538,-5.0732,4.7187,-4.9404
0.045,478.58,-1.5547,-8.4131,4.8664,-3.6765
0.046,477,-1.5599,-8.645,4.5709,-5.2567
0.047,475.45,-1.5775,-5.7129,5.0142,-0.81132
0.048,473.87,-1.5806,-8.7549,4.5955,2.9973
0.049,472.26,-1.5823,-9.668,5.0881,-1.9266
0.05,470.67,-1.5985,-6.106,4.5955,-0.48772
0.051,469.09,-1.6083,-7.1143,4.7187,-1.7662
0.052,467.46,-1.608,-9.0137,4.2754,-4.946
0.053,465.83,-1.6161,-6.4868,4.7433,-6.2073
0.054,464.22,-1.6274,-4.6167,4.3492,3.9617
0.055,462.59,-1.631,-5.3979,4.9403,12.058
0.056,460.95,-1.6313,-5.542,4.497,-12.888
0.057,459.3,-1.635,-4.9316,4.6448,-6.0716
0.058,457.67,-1.6439,-5.9058,4.3,-5.2682
0.059,456.04,-1.6521,-7.4634,4.9157,-2.083
0.06,454.37,-1.6605,-7.9321,4.2754,-3.192
0.061,452.69,-1.6687,-7.7637,4.3985,-3.5079
0.062,451,-1.6746,-6.8164,4.1768,5.3949
0.063,449.33,-1.6827,-6.8945,4.5709,-2.7209
0.064,447.67,-1.6862,-7.2095,3.9552,-2.2338
0.065,445.96,-1.695,-8.2275,4.3985,-0.80649
0.066,444.26,-1.7047,-6.582,4.103,2.6793
0.067,442.53,-1.7158,-6.8018,4.8172,-0.017658
0.068,440.8,-1.7156,-6.3159,3.8567,-2.7326
0.069,439.09,-1.7202,-5.6372,4.4724,0.29953
0.07,437.38,-1.7265,-5.4761,3.8074,-5.8939
0.071,435.66,-1.7329,-8.2324,4.4724,5.5506
0.072,433.89,-1.7432,-9.0649,4.0537,3.8029
0.073,432.14,-1.7568,-8.2422,4.497,-1.5987
0.074,430.37,-1.7655,-7.9688,3.8813,-6.0558
0.075,428.6,-1.7677,-6.6919,4.3739,0.12326
0.076,426.83,-1.7727,-4.7559,3.9552,0.77467
0.077,425.06,-1.7766,-4.1821,4.3246,-0.65362
0.078,423.27,-1.7805,-5.2576,4.0291,0.94375
0.079,421.49,-1.7864,-5.3833,4.3246,1.0987
0.08,419.7,-1.794,-6.3489,3.7828,-5.0891
0.081,417.9,-1.7997,-7.1594,4.2754,0.93816
0.082,416.09,-1.8084,-7.6599,3.7828,-2.5602
0.083,414.28,-1.8163,-7.0886,4.3739,0.30046
0.084,412.45,-1.8247,-7.572,3.8813,-1.774
0.085,410.62,-1.8295,-6.8823,4.3492,3.6402
0.086,408.78,-1.8375,-6.6699,4.0044,-3.6634
0.087,406.94,-1.8428,-6.106,4.3246,-7.4856
0.088,405.09,-1.8497,-6.8469,3.6843,-3.1934
0.089,403.23,-1.8552,-6.8054,4.2261,5.8638
0.09,401.37,-1.8637,-7.2546,3.6843,0.94093
0.091,399.5,-1.8715,-6.8896,4.3492,-3.6688
0.092,397.62,-1.8791,-7.3511,3.7089,3.7954
0.093,395.73,-1.8841,-4.9158,4.2261,7.9241
0.094,393.84,-1.892,-7.4548,3.5858,-0.49952
0.095,391.95,-1.8883,-7.3987,4.2015,-0.34182
0.096,390.04,-1.9088,-8.3875,3.8813,-0.81419
0.097,388.18,-1.916,-8.4583,4.2015,1.4203
0.098,386.19,-1.9261,-12.184,3.8074,0.15204
0.099,384.26,-1.9343,-6.0229,4.2754,-2.0837
0.1,382.32,-1.9492,-5.5225,3.9798,0.95346
0.101,380.37,-1.9389,-3.8953,4.3985,-5.9004
0.102,378.43,-1.9437,-3.2471,4.0783,7.9219
0.103,376.49,-1.9455,-2.3584,4.2754,4.9029
0.104,374.54,-1.9505,-7.9663,4.103,-0.48751
0.105,372.59,-1.961,-9.4458,4.0783,-6.5299
0.106,370.62,-1.9788,-10.106,4.2261,-2.2442
0.107,368.63,-1.9909,-9.2529,4.2507,-2.3946
0.108,366.6,-1.9961,-7.4109,4.0537,1.091
0.109,364.59,-1.9968,-3.3191,4.2754,3.1569
0.11,362.61,-1.9981,-3.4717,4.0291,0.4564
0.111,360.63,-1.9954,-5.1013,4.1768,5.0529
0.112,358.64,-2.0082,-6.5857,3.7089,3.9547
0.113,356.62,-2.0216,-6.9519,3.9552,-1.9243
0.114,354.54,-2.0297,-8.4351,3.8074,-1.1279
0.115,352.5,-2.0328,-6.7151,4.0783,5.2202
0.116,350.48,-2.0375,-5.0781,3.9059,1.901
0.117,348.47,-2.0418,-3.9185,4.0044,-0.34136
0.118,346.43,-2.047,-4.834,3.9798,-1.6042
0.119,344.34,-2.0493,-6.9617,3.9798,3.1567
0.12,342.27,-2.057,-6.438,4.0783,3.1515
0.121,340.24,-2.0723,-4.4373,3.9798,5.3909
0.122,338.19,-2.074,-5.1965,4.2261,-4.1452
0.123,336.07,-2.0692,-6.2769,4.1522,4.9107
0.124,333.97,-2.0753,-4.2786,4.5463,-1.1303
0.125,331.92,-2.0884,-1.4563,4.9157,2.684
0.126,329.86,-2.0937,-3.0383,6.221,-5.1055
0.127,327.75,-2.0813,-5.9363,7.1815,6.8065
0.128,325.6,-2.0843,-3.8928,8.733,12.542
0.129,323.56,-2.105,0.57617,10.137,6.1627
0.13,321.5,-2.1078,-3.0432,11.541,9.034
0.131,319.34,-2.0909,-6.0986,12.107,3.4725
0.132,317.21,-2.0965,0.54565,13.339,4.9025
0.133,315.15,-2.1148,4.3848,14.028,11.106
0.134,313.08,-2.1022,0.74341,14.373,4.4413
0.135,310.92,-2.0859,-0.27588,14.792,12.54
0.136,308.83,-2.0871,6.7102,16.639,8.8824
0.137,306.78,-2.0979,8.0676,18.018,9.6681
0.138,304.71,-2.0813,6.8555,21.022,8.711
0.139,302.59,-2.0619,9.6851,23.042,17.93
0.14,300.52,-2.0516,17.053,25.899,19.366
0.141,298.52,-2.0387,15.713,27.82,25.406
0.142,296.52,-2.0126,13.684,30.184,33.836
0.143,294.52,-2.0027,14.16,31.76,33.983
0.144,292.52,-1.9935,15.63,33.903,42.554
0.145,290.5,-1.9808,15.103,35.258,44.132
0.146,288.55,-1.9606,19.618,37.449,46.207
0.147,286.62,-1.9371,23.081,37.819,64.315
0.148,284.72,-1.9046,27.33,40.947,68.446
0.149,282.84,-1.8781,31.063,43.557,79.73
0.15,280.98,-1.8442,35.223,47.202,87.349
0.151,279.16,-1.8052,36.753,49.419,98.624
0.152,277.39,-1.761,39.463,53.581,115.63
0.153,275.69,-1.7209,43.419,55.822,125.47
0.154,274.03,-1.6808,44.137,60.083,153.28
0.155,272.38,-1.6271,44.1,62.201,166.45
0.156,270.75,-1.5846,48.557,66.486,187.57
0.157,269.26,-1.5405,53.208,68.9,205.04
0.158,267.77,-1.4781,51.301,72.865,227.76
0.159,266.33,-1.4147,56.255,72.717,258.11
0.16,264.99,-1.3706,60.19,75.82,277
0.161,263.68,-1.3033,58.193,78.874,303.85
0.162,262.41,-1.2395,57.799,80.894,329.09
0.163,261.25,-1.1871,62.566,83.406,356.73
0.164,260.13,-1.1257,60.493,84.391,373.56
0.165,259.05,-1.0578,61.383,86.435,404.99
0.166,258.05,-1.0008,64.761,87.666,429.63
0.167,257.12,-0.93262,64.536,88.996,447.41
0.168,256.25,-0.86331,66.423,91.484,469.32
0.169,255.47,-0.80304,70.095,92.321,486.79
0.17,254.73,-0.72563,71.826,94.217,504.9
0.171,254.04,-0.65035,72.753,95.079,520.14
0.172,253.49,-0.57349,80.87,95.079,535.06
0.173,253,-0.49955,82.3,97.173,557.61
0.174,252.6,-0.39869,85.22,96.779,572.85
0.175,252.24,-0.31414,86.028,98.306,592.24
0.176,252.04,-0.22425,89.945,97.518,588.1
0.177,251.92,-0.14335,83.693,98.453,607.17
0.178,251.87,-0.049823,82.363,97.518,633.86
0.179,251.89,0.019775,81.619,97.32,638.14
0.18,251.99,0.097681,79.019,96.582,645.92
0.181,252.14,0.18384,77.817,96.089,653.07
0.182,252.41,0.25174,76.427,95.03,671.01
0.183,252.79,0.33926,76.422,94.611,680.23
0.184,253.14,0.40191,68.375,93.552,687.53
0.185,253.68,0.47979,65.477,93.454,697.86
0.186,254.15,0.52572,56.94,91.237,708.98
0.187,254.81,0.57913,57.369,90.326,711.53
0.188,255.42,0.62396,49.471,87.1,714.85
0.189,256.04,0.68876,50.205,85.351,720.89
0.19,256.8,0.72715,50.911,83.012,719.32
0.191,257.6,0.77675,48.613,80.352,722.64
0.192,258.44,0.83368,42.542,77.47,724.69
0.193,259.31,0.86703,41.306,74.638,720.57
0.194,260.21,0.90146,38.428,72.151,720.23
0.195,261.14,0.93368,33.735,69.86,709.61
0.196,262.1,0.96888,34.174,66.437,702.46
0.197,263.11,1.0024,36.427,66.929,695.8
0.198,264.15,1.0379,36.077,63.383,682.44
0.199,265.22,1.0836,34.469,60.92,664.66
0.2,266.33,1.1141,35.847,57.842,660.04
0.201,267.52,1.1412,34.551,55.354,648.14
0.202,268.68,1.1816,26.572,51.217,635.91
0.203,269.86,1.2107,27.527,49.099,614.14
0.204,271.13,1.2165,26,45.897,602.56
0.205,272.38,1.2517,19.294,43.582,577.46
0.206,273.6,1.2712,17.484,39.838,561.73
0.207,274.94,1.2781,18.137,37.523,544.42
0.208,276.21,1.2981,12.709,34.199,524.42
0.209,277.52,1.3071,9.1895,33.14,506.15
0.21,278.87,1.3152,10.311,32.007,494.39
0.211,280.14,1.3172,4.043,29.47,469.3
0.212,281.51,1.3296,3.0469,27.401,452.44
0.213,282.8,1.3183,0.89966,24.963,432.62
0.214,284.17,1.3224,-1.4819,21.884,421.5
0.215,285.46,1.3197,-4.2444,20.284,401.33
0.216,286.75,1.3098,-3.5608,17.23,375.44
0.217,288.11,1.3084,-6.0254,15.777,354
0.218,289.35,1.3005,-6.9507,13.018,344.31
0.219,290.71,1.2923,-6.3892,12.132,315.72
0.22,291.96,1.285,-11.681,10.161,302.06
0.221,293.21,1.2778,-8.8306,9.3487,288.24
0.222,294.54,1.25,-9.9536,8.339,264.09
0.223,295.74,1.2563,-14.711,7.8218,251.08
0.224,296.96,1.2425,-11.597,5.9008,232.81
0.225,298.25,1.2114,-8.0981,5.359,222.18
0.226,299.42,1.2198,-16.642,3.7828,205.18
0.227,300.6,1.2095,-15.487,3.3395,191.2
0.228,301.84,1.1731,-8.7427,2.3297,181.99
0.229,303.01,1.1651,-14.171,1.8618,163.88
0.23,304.11,1.1677,-15.417,0.58113,155.3
0.231,305.25,1.149,-9.7144,0.99981,139.74
0.232,306.43,1.1324,-10.197,0.23634,132.13
0.233,307.58,1.1245,-12.838,0.77816,121.16
0.234,308.67,1.1141,-10.929,-0.10846,113.38
0.235,309.73,1.1035,-9.3054,0.60576,101.94
0.236,310.82,1.0943,-9.6472,-0.13308,93.045
0.237,311.95,1.0859,-10.106,0.38411,87.959
0.238,313.05,1.0763,-13.03,-0.35474,79.379
0.239,314.1,1.0635,-15.188,0.5565,76.844
0.24,315.12,1.0384,-15.537,-0.059198,70.341
0.241,316.14,1.0184,-14.519,0.75353,64.466
0.242,317.14,1.0082,-13.676,0.26097,49.848
0.243,318.14,1.0037,-10.192,0.7289,45.396
0.244,319.14,0.99516,-7.4792,0.38411,39.365
0.245,320.13,0.98742,-8.0139,0.87667,38.891
0.246,321.11,0.981,-10.083,0.28559,42.544
0.247,322.08,0.96813,-11.226,0.95055,30.947
0.248,323.05,0.9533,-13.018,0.21171,25.686
0.249,323.98,0.93903,-15.538,1.0737,26.021
0.25,324.9,0.92233,-15.349,0.21171,25.856
0.251,325.81,0.90331,-15.179,0.77816,25.071
0.252,326.69,0.89139,-14.406,0.16245,16.978
0.253,327.57,0.8774,-12.03,0.75353,16.032
0.254,328.44,0.867,-9.4031,0.18708,14.591
0.255,329.29,0.86218,-8.3337,0.82741,15.071
0.256,330.14,0.85629,-7.7832,0.26097,9.034
0.257,331,0.84972,-9.4519,0.99981,6.6392
0.258,331.85,0.83849,-13.477,0.28559,8.0821
0.259,332.68,0.81974,-15.45,0.92593,4.1234
0.26,333.48,0.7948,-16.329,-0.0099423,7.3036
0.261,334.24,0.77904,-15.018,0.5565,2.0479
0.262,334.98,0.76807,-13.16,-0.059198,2.5337
0.263,335.74,0.7634,-10.612,0.63039,-1.9282
0.264,336.53,0.75394,-9.6899,0.063942,-3.2054
0.265,337.3,0.74174,-9.1479,0.43336,-3.5085
0.266,338.01,0.73059,-12.629,-0.059198,2.0469
0.267,338.69,0.72233,-14.739,0.92593,-1.2783
0.268,339.4,0.70025,-11.989,0.43336,-5.2559
0.269,340.14,0.68025,-11.133,1.2461,-3.1888
0.27,340.8,0.6818,-16.917,0.33485,-6.2053
0.271,341.41,0.67493,-12.949,1.6894,-6.0362
0.272,342.1,0.63775,-7.2827,0.7289,-7.4756
0.273,342.77,0.6355,-13.774,1.3692,-9.5402
0.274,343.33,0.64384,-14.076,0.5565,-10.179
0.275,343.98,0.61293,-6.0852,0.97518,-3.6731
0.276,344.63,0.60455,-11.094,0.87667,-7.4754
0.277,345.16,0.60732,-14.33,1.5663,-2.3808
0.278,345.79,0.58004,-11.111,0.97518,-6.0455
0.279,346.36,0.57219,-12.157,1.8125,-10.014
0.28,346.88,0.55737,-16.799,1.6155,-8.7512
0.281,347.49,0.54376,-10.986,1.8372,-6.5303
0.282,347.95,0.52333,-15.548,1.2953,-4.4606
0.283,348.51,0.5251,-10.955,1.8618,0.15605
0.284,348.98,0.49445,-12.819,1.4185,1.0904
0.285,349.5,0.5026,-8.6096,1.7633,-4.2984
0.286,349.97,0.47967,-13.68,1.32,-2.708
0.287,350.46,0.48028,-7.1143,1.5416,-0.9648
0.288,350.91,0.4567,-14.521,1.517,-2.3962
0.289,351.38,0.45887,-9.7656,1.8372,-4.134
0.29,351.79,0.42999,-15.125,1.3446,1.262
0.291,352.26,0.43084,-10.094,1.9357,0.30436
0.292,352.61,0.40466,-15.627,1.4677,-6.2127
0.293,353.06,0.40623,-10.929,1.517,-0.33161
0.294,353.4,0.38074,-12.518,1.6401,1.7318
0.295,353.82,0.37535,-10.167,2.182,-1.7603
0.296,354.16,0.36825,-14.88,1.7879,2.8535
0.297,354.49,0.35382,-9.0808,1.3692,1.5779
0.298,354.91,0.33183,-10.54,1.1722,0.47411
0.299,355.17,0.33533,-14.985,1.6401,2.3625
0.3,355.48,0.32265,-9.6252,1.4431,2.6704
0.301,355.84,0.29332,-8.0627,1.6648,1.5698
0.302,356.1,0.30569,-15.197,1.6894,6.3236
0.303,356.37,0.29152,-12.406,1.4677,2.3678
0.304,356.7,0.25935,-6.814,1.4185,3.7923
0.305,356.93,0.26062,-14.651,1.5416,5.5511
0.306,357.14,0.25925,-14.661,1.517,-3.6716
0.307,357.4,0.23244,-8.5718,1.32,2.5391
0.308,357.67,0.21821,-10.103,1.6155,2.9988
0.309,357.86,0.21649,-13.408,1.517,1.7349
0.31,358.02,0.21011,-10.524,1.2953,-3.6742
0.311,358.22,0.19221,-8.4534,1.2461,6.3257
0.312,358.45,0.17982,-11.216,1.4185,1.7264
0.313,358.63,0.17595,-13.718,1.0491,2.6867
0.314,358.76,0.16041,-11.133,1.2707,6.4986
0.315,358.9,0.14152,-9.5825,0.85204,4.9052
0.316,359.02,0.13655,-10.073,1.2461,-0.17299
0.317,359.16,0.13191,-8.8782,0.92593,4.1138
0.318,359.31,0.12558,-8.2458,1.2215,3.4648
0.319,359.42,0.11602,-11.038,0.97518,5.5431
0.32,359.53,0.10029,-12.623,1.2461,2.9884
0.321,359.6,0.08136,-14.573,0.95055,7.2952
0.322,359.66,0.068793,-14.299,1.1476,-0.97846
0.323,359.72,0.052716,-12.92,0.53188,7.6073
0.324,359.77,0.044525,-11.038,1.123,4.2681
0.325,359.8,0.035687,-10.096,0.43336,-2.0887
0.326,359.82,0.026172,-8.2129,0.97518,5.3831
0.327,359.84,0.018311,-8.2434,0.16245,6.9647
0.328,359.85,0.011652,-7.6721,1.0737,9.672
0.329,359.86,0.0033081,-7.3755,0.08857,-0.98005
0.33,359.85,-0.0026733,-7.7026,0.60576,3.7823
0.331,359.84,-0.010706,-8.2971,-0.03457,4.1086
0.332,359.83,-0.020203,-8.2458,0.43336,-1.2933
0.333,359.8,-0.029834,-8.6914,-0.10846,2.6845
0.334,359.76,-0.037921,-9.0808,0.77816,0.1405
0.335,359.71,-0.04613,-9.6082,-0.10846,0.2905
0.336,359.65,-0.05611,-11.207,0.67965,-0.49977
0.337,359.6,-0.068243,-12.739,0.21171,-1.301
0.338,359.52,-0.08587,-13.585,0.65502,3.7746
0.339,359.42,-0.10162,-13.181,0.26097,-1.7738
0.34,359.28,-0.11406,-11.268,0.80279,2.2025
0.341,359.14,-0.12202,-7.5781,0.13783,0.45784
0.342,359.03,-0.12458,-5.4236,0.7289,-1.4528
0.343,358.91,-0.12376,-6.7151,0.35948,-3.9838
0.344,358.79,-0.12874,-8.0347,0.75353,-2.4072
0.345,358.66,-0.14763,-9.5142,0.26097,0.62005
0.346,358.5,-0.16219,-10.486,0.87667,-2.8852
0.347,358.29,-0.17216,-10.691,0.75353,7.1266
0.348,358.09,-0.17619,-8.9136,1.0244,2.043
0.349,357.93,-0.18219,-7.3523,0.80279,-2.8788
0.35,357.78,-0.1922,-6.9019,0.92593,-10.188
0.351,357.59,-0.19895,-8.6377,0.85204,5.2202
0.352,357.33,-0.20667,-11.367,0.67965,1.1004
0.353,357.1,-0.21938,-9.0344,0.9013,-0.81681
0.354,356.9,-0.23903,-7.2607,0.95055,-2.2495
0.355,356.68,-0.23737,-9.6729,0.95055,-3.0406
0.356,356.39,-0.23525,-11.698,1.0737,-7.4925
0.357,356.14,-0.25503,-6.0742,1.3446,-2.3999
0.358,355.92,-0.27787,-7.5427,1.0244,-3.0393
0.359,355.62,-0.2694,-13.927,1.4924,-2.3968
0.36,355.29,-0.27509,-8.8074,1.1476,-3.994
0.361,355.05,-0.30489,-2.9468,1.5416,-10.021
0.362,354.76,-0.29907,-10.558,1.3692,0.76928
0.363,354.4,-0.2926,-9.2102,1.714,-6.056
0.364,354.13,-0.32219,-4.8145,1.32,14.132
0.365,353.83,-0.32114,-9.0967,1.4677,-5.9109
0.366,353.44,-0.32896,-11.735,1.3692,3.6292
0.367,353.16,-0.34455,-8.0444,1.9111,-3.3554
0.368,352.75,-0.35128,-9.6423,1.4431,-7.1724
0.369,352.4,-0.36241,-9.6729,1.6401,-0.1772
0.37,352.07,-0.36935,-8.3191,0.77816,-2.7197
0.371,351.62,-0.37733,-9.2712,1.8618,2.8443
0.372,351.31,-0.38615,-7.2876,0.87667,-2.4089
0.373,350.87,-0.39763,-8.562,1.5663,0.44927
0.374,350.47,-0.39885,-9.5422,1.0737,2.3376
0.375,350.08,-0.41216,-7.1069,1.5416,3.1525
0.376,349.63,-0.42504,-10.074,1.1722,0.30076
0.377,349.25,-0.42168,-7.1155,1.6401,2.3625
0.378,348.74,-0.448,-10.97,1.0737,4.91
0.379,348.37,-0.43442,-4.3433,1.517,0.14148
0.38,347.84,-0.46701,-11.716,1.123,4.4201
0.381,347.46,-0.44675,-2.8442,1.7879,0.115
0.382,346.92,-0.48026,-12.028,1.32,5.2181
0.383,346.51,-0.46223,-3.3276,1.4677,1.4082
0.384,345.96,-0.49456,-11.829,1.1476,-1.2965
0.385,345.53,-0.48365,-6.6028,1.7387,3.0009
0.386,344.98,-0.5059,-11.327,1.0737,3.7938
0.387,344.5,-0.51328,-8.2056,1.4924,-0.50531
0.388,343.98,-0.51886,-10.374,1.3939,-0.17858
0.389,343.4,-0.53559,-9.1418,1.2461,3.9426
0.39,342.94,-0.53552,-7.5708,1.2461,9.3437
0.391,342.31,-0.55161,-8.6792,1.2215,2.5152
0.392,341.82,-0.55113,-5.9497,1.4185,10.124
0.393,341.22,-0.56226,-8.717,1.0983,0.60471
0.394,340.64,-0.56534,-5.6555,1.3939,3.6265
0.395,340.13,-0.5791,-9.3787,1.4431,4.7462
0.396,339.48,-0.57988,-8.8538,1.2953,5.848
0.397,338.93,-0.59802,-7.4744,1.2707,3.001
0.398,338.32,-0.60652,-9.8193,1.0983,-4.4761
0.399,337.65,-0.60271,-9.845,0.95055,3.9554
0.4,337.09,-0.6282,-4.6301,1.2215,2.8287
0.401,336.47,-0.62911,-8.5754,0.97518,3.4581
0.402,335.78,-0.62117,-10.854,1.2707,3.7888
0.403,335.18,-0.6494,-3.0261,1.123,-0.024379
0.404,334.55,-0.65698,-7.002,1.1722,0.76672
0.405,333.85,-0.64333,-13.28,0.97518,0.92492
0.406,333.18,-0.66412,-6.7969,1.2215,1.2587
0.407,332.57,-0.68757,-4.6228,0.95055,-2.2506
0.408,331.86,-0.68339,-12.211,1.2461,6.1626
0.409,331.11,-0.6801,-9.7656,0.85204,6.9611
0.41,330.43,-0.70438,-4.3958,1.2461,-0.19003
0.411,329.78,-0.71295,-5.9949,1.0737,1.7188
0.412,329.05,-0.70955,-10.276,1.123,0.13101
0.413,328.29,-0.71336,-7.1826,1.0491,4.4309
0.414,327.56,-0.73148,-6.6162,0.99981,0.92528
0.415,326.86,-0.7403,-9.01,1.0491,9.6623
0.416,326.12,-0.74603,-9.9084,1.2215,2.197
0.417,325.34,-0.7546,-6.5161,0.80279,-0.99057
0.418,324.56,-0.7629,-5.4956,1.1968,0.60497
0.419,323.79,-0.76406,-6.106,0.95055,1.7109
0.42,323.05,-0.76777,-6.4368,1.1722,1.4054
0.421,322.3,-0.77656,-8.4546,0.63039,-1.13
0.422,321.51,-0.78679,-10.736,1.3446,-2.7248
0.423,320.68,-0.80518,-11.195,0.92593,-1.4559
0.424,319.85,-0.81774,-7.7612,1.3446,-5.1092
0.425,319.02,-0.82375,-6.5942,1.1476,0.4523
0.426,318.21,-0.81536,-2.9395,1.3446,4.7411
0.427,317.39,-0.81976,-2.5073,0.99981,4.584
0.428,316.6,-0.81987,-3.4033,1.5909,0.11674
0.429,315.76,-0.83027,-8.54,0.99981,-0.34295
0.43,314.92,-0.84077,-8.8757,1.4924,3.471
0.431,314.06,-0.85806,-11.678,1.1476,3.1516
0.432,313.18,-0.86414,-11.101,1.4185,-0.65901
0.433,312.31,-0.87827,-9.9475,1.7633,1.2584
0.434,311.43,-0.88578,-7.9138,1.8618,4.9024
0.435,310.53,-0.8905,-8.0713,1.4431,1.2395
0.436,309.63,-0.89763,-5.7178,2.1081,0.92344
0.437,308.73,-0.90449,-5.1782,2.0342,2.0333
0.438,307.82,-0.90685,-5.0708,2.7238,-0.50752
0.439,306.91,-0.91167,-4.4226,2.5021,2.8377
0.44,306,-0.91586,-3.8013,2.9701,1.736
0.441,305.08,-0.91974,-4.3921,2.6253,3.3154
0.442,304.15,-0.9235,-4.4006,3.5365,-0.97543
0.443,303.22,-0.92881,-4.5288,3.4873,10.138
0.444,302.29,-0.93367,-4.7473,4.2261,0.59917
0.445,301.35,-0.9385,-5.0659,4.2015,13.002
0.446,300.41,-0.94348,-4.5911,4.9896,6.1711
0.447,299.46,-0.94883,-4.342,4.9403,8.553
0.448,298.51,-0.95177,-4.0674,5.9501,13.955
0.449,297.55,-0.95538,-3.8257,5.7777,9.6586
0.45,296.59,-0.95884,-3.2458,6.9352,11.562
0.451,295.63,-0.96261,-2.948,7.0337,14.599
0.452,294.66,-0.96506,-2.9553,7.8218,19.349
0.453,293.69,-0.96651,-2.5439,7.8957,23
0.454,292.73,-0.97016,-2.428,8.5114,14.726
0.455,291.76,-0.97156,-2.71,9.201,26.003
0.456,290.78,-0.97475,-3.1873,9.6443,22.196
0.457,289.81,-0.97861,-2.5623,10.654,30.15
0.458,288.82,-0.98245,-2.0532,10.9,33.484
0.459,287.83,-0.98297,-0.46875,12.082,34.108
0.46,286.85,-0.98182,1.0291,12.994,39.037
0.461,285.87,-0.97709,2.6843,13.585,38.234
0.462,284.9,-0.97346,4.5886,14.398,42.988
0.463,283.93,-0.96902,5.686,15.703,43.951
0.464,282.96,-0.96003,5.7507,16.171,54.431
0.465,282,-0.95339,6.731,16.934,55.714
0.466,281.07,-0.94834,7.7332,16.836,57.292
0.467,280.13,-0.93981,7.2253,18.486,64.762
0.468,279.19,-0.93036,7.5879,19.052,63.955
0.469,278.27,-0.9239,9.3286,20.899,69.678
0.47,277.35,-0.91545,10.344,21.663,72.06
0.471,276.45,-0.9017,11.602,23.19,87.773
0.472,275.55,-0.88809,14.078,24.47,77.301
0.473,274.68,-0.87235,15.189,25.677,88.254
0.474,273.83,-0.85351,15.021,27.253,91.276
0.475,272.99,-0.83951,15.071,28.312,94.609
0.476,272.18,-0.82659,15.393,29.667,102.09
0.477,271.36,-0.81273,15.598,30.332,108.27
0.478,270.55,-0.79539,18.064,30.8,111.3
0.479,269.76,-0.77552,19.58,31.514,120.98
0.48,269.01,-0.74919,21.465,32.918,124.93
0.481,268.3,-0.72869,24.29,33.681,130.17
0.482,267.61,-0.70541,24.053,35.455,138.74
0.483,266.91,-0.67394,22.418,35.602,143.69
0.484,266.23,-0.65526,26.012,37.252,149.88
0.485,265.64,-0.6371,26.676,37.646,158.46
0.486,265.02,-0.59863,25.793,39.198,158.29
0.487,264.42,-0.57203,27.386,39.715,173.87
0.488,263.91,-0.54497,31.753,41.045,184.04
0.489,263.37,-0.51832,27.209,41.341,186.74
0.49,262.92,-0.47833,29.523,42.695,196.41
0.491,262.43,-0.46259,29.718,41.981,208
0.492,262.03,-0.42441,29.608,43.705,213.4
0.493,261.6,-0.39638,27.469,43.68,223.74
0.494,261.25,-0.37028,32.029,45.01,230.08
0.495,260.94,-0.34099,27.85,44.912,246.61
0.496,260.58,-0.30244,26.814,46.045,253.28
0.497,260.33,-0.28516,29.07,45.897,262
0.498,260.09,-0.26231,28.566,46.734,271.37
0.499,259.83,-0.22493,25.856,46.66,276.14
0.5,259.63,-0.19816,30.009,46.808,290.43
0.501,259.46,-0.17316,31.226,46.784,290.59
0.502,259.34,-0.13512,29.226,46.907,302.67
0.503,259.22,-0.10618,28.229,46.537,304.89
0.504,259.15,-0.078802,28.722,46.439,307.58
0.505,259.09,-0.057013,26.631,46.734,317.44
0.506,259.06,-0.029553,25.989,45.798,323.46
0.507,259.05,-0.0019653,25.861,46.636,329.35
0.508,259.08,0.023761,26.543,45.848,331.56
0.509,259.14,0.0505,25.183,45.848,333.15
0.51,259.21,0.075702,24.375,45.454,334.44
0.511,259.31,0.096362,25.444,44.468,330.29
0.512,259.43,0.11991,25.284,43.705,337.44
0.513,259.56,0.15098,24.286,42.966,326.95
0.514,259.74,0.17692,25.616,42.055,340.62
0.515,259.97,0.19713,26.279,41.685,340.46
0.516,260.2,0.22444,23.385,41.144,341.56
0.517,260.42,0.25131,21.082,41.021,336.8
0.518,260.68,0.26791,23.319,39.37,341.55
0.519,261,0.28233,20.486,39.05,337.28
0.52,261.31,0.31373,18.684,38.164,334.26
0.521,261.61,0.32687,18.513,37.351,329.97
0.522,261.98,0.34473,18.566,36.489,331.41
0.523,262.31,0.36047,14.821,35.134,321.09
0.524,262.72,0.37516,14.802,33.854,325.69
0.525,263.11,0.38783,14.176,33.09,317.91
0.526,263.49,0.40089,11.338,31.563,317.76
0.527,263.92,0.41561,12.645,31.046,310.91
0.528,264.32,0.41716,9.1345,30.012,305.68
0.529,264.8,0.43839,10.551,30.012,293.78
0.53,265.2,0.4335,5.6506,28.165,295.52
0.531,265.68,0.45364,9.3494,28.83,290.44
0.532,266.09,0.44386,2.9626,26.145,286.95
0.533,266.59,0.46391,8.1274,25.923,283.61
0.534,267.02,0.4532,1.7041,24.126,275.82
0.535,267.52,0.47414,7.207,23.51,264.71
0.536,267.94,0.46216,0.77148,21.54,264.38
0.537,268.46,0.4799,6.4465,21.195,259
0.538,268.9,0.46777,-0.52734,19.594,253.45
0.539,269.42,0.48543,4.6008,19.569,241.69
0.54,269.85,0.4715,-1.748,17.353,235.34
0.541,270.37,0.48516,3.2751,17.057,229.31
0.542,270.82,0.47115,-2.9041,15.678,218.34
0.543,271.32,0.48414,1.8469,15.974,213.26
0.544,271.77,0.47091,-3.6133,14.841,208.33
0.545,272.28,0.48074,0.82397,14.373,203.57
0.546,272.73,0.4671,-4.5325,12.895,190.39
0.547,273.22,0.47527,-0.61401,12.624,181.33
0.548,273.66,0.46148,-5.885,11.319,180.7
0.549,274.15,0.46784,-1.6858,10.95,170.38
0.55,274.58,0.45131,-6.9714,10.038,165.15
0.551,275.07,0.45867,-3.0383,9.5704,159.58
0.552,275.48,0.44042,-8.3521,8.8808,148.31
0.553,275.95,0.44629,-3.8416,8.2651,145.44
0.554,276.35,0.42608,-9.2908,7.6494,140.35
0.555,276.81,0.4321,-6.0852,7.5016,133.22
0.556,277.2,0.41221,-9.7449,7.1076,118.12
0.557,277.64,0.40999,-7.2424,6.3687,120.36
0.558,278.01,0.39756,-9.95,5.8269,115.11
0.559,278.4,0.38987,-7.4524,5.5068,110.68
0.56,278.8,0.38235,-8.5632,5.1373,103.04
0.561,279.15,0.37495,-7.9797,4.497,97.96
0.562,279.55,0.36718,-8.7573,4.3492,90.176
0.563,279.89,0.35767,-10.311,3.9798,79.051
0.564,280.24,0.34608,-9.0894,4.0291,79.542
0.565,280.59,0.3308,-10.977,2.9208,75.255
0.566,280.88,0.3295,-11.035,3.2902,70.013
0.567,281.21,0.31229,-8.3289,2.6992,66.037
0.568,281.54,0.30249,-8.7415,2.8962,57.943
0.569,281.8,0.30444,-12.406,2.5268,63.359
0.57,282.1,0.28709,-9.0344,2.576,52.546
0.571,282.4,0.26747,-9.7144,2.0834,49.203
0.572,282.64,0.26712,-13.837,2.3544,50.785
0.573,282.87,0.25392,-11.611,1.714,45.072
0.574,283.13,0.23525,-8.2678,1.9111,38.402
0.575,283.37,0.22903,-10.277,1.517,38.091
0.576,283.57,0.22614,-10.762,2.0342,40.65
0.577,283.79,0.21573,-9.4275,1.2215,29.523
0.578,284,0.20011,-9.8303,1.8372,29.673
0.579,284.21,0.18812,-11.545,1.3692,23.962
0.58,284.37,0.17988,-13.02,1.6401,24.753
0.581,284.52,0.16841,-10.887,1.2707,26.182
0.582,284.69,0.15063,-9.5056,1.4431,21.259
0.583,284.85,0.14567,-10.731,1.1722,29.847
0.584,284.97,0.14059,-11.497,1.5416,15.701
0.585,285.1,0.12623,-10.367,0.97518,15.86
0.586,285.22,0.11093,-11.259,2.0096,10.296
0.587,285.32,0.098798,-12.213,1.0983,13.635
0.588,285.4,0.08938,-11.014,1.4431,11.896
0.589,285.46,0.079523,-9.3579,1.2215,10.304
0.59,285.55,0.071155,-7.9077,1.714,13.468
0.591,285.62,0.064136,-8.0627,1.4924,3.3117
0.592,285.67,0.059259,-8.1201,2.0096,5.6997
0.593,285.72,0.049066,-8.3618,1.32,8.2383
0.594,285.76,0.038922,-8.7366,1.9603,-3.04
0.595,285.79,0.029346,-9.1174,1.4677,11.117
0.596,285.81,0.020453,-9.1675,2.2066,19.839
0.597,285.82,0.013672,-8.54,1.7633,7.9336
0.598,285.82,0.0032288,-8.7244,2.2312,2.199
0.599,285.83,-0.0037781,-8.7231,1.6894,6.3307
0.6,285.81,-0.014276,-9.4067,2.3544,11.737
0.601,285.79,-0.023163,-8.9368,2.1327,6.6534
0.602,285.75,-0.033362,-9.5813,2.6745,6.8111
0.603,285.71,-0.041455,-8.2166,2.2066,6.1791
0.604,285.66,-0.051685,-7.6257,3.0193,4.4317
0.605,285.6,-0.055359,-6.5723,2.4036,4.902
0.606,285.53,-0.061292,-6.3977,3.1917,15.87
0.607,285.47,-0.066223,-5.9229,2.8469,13.492
0.608,285.4,-0.073444,-7.3523,3.3887,10.136
0.609,285.33,-0.081299,-8.0908,2.9454,12.206
0.61,285.23,-0.09212,-10.625,3.5119,16.329
0.611,285.13,-0.10175,-10.304,3.0193,13.164
0.612,285.01,-0.11935,-9.7412,3.9552,15.718
0.613,284.89,-0.12496,-8.0664,3.1917,15.396
0.614,284.73,-0.13,-7.4866,3.7335,17.456
0.615,284.61,-0.13245,-4.6338,3.1671,12.854
0.616,284.48,-0.13918,-5.5505,3.7828,15.382
0.617,284.35,-0.14252,-6.7285,2.9208,19.509
0.618,284.2,-0.15272,-7.6245,3.7828,20.154
0.619,284.02,-0.16365,-7.3682,3.2902,20.321
0.62,283.85,-0.17057,-8.2227,3.7089,20.79
0.621,283.66,-0.17602,-7.8638,3.2902,23.647
0.622,283.5,-0.18363,-6.3086,3.5365,20.315
0.623,283.32,-0.19203,-6.7395,3.1178,25.548
0.624,283.1,-0.19519,-7.5049,4.3985,22.679
0.625,282.89,-0.20427,-7.5537,2.9701,33.5
0.626,282.68,-0.21354,-6.4856,3.9306,24.424
0.627,282.47,-0.2214,-6.073,3.0439,13.954
0.628,282.25,-0.22446,-6.1926,3.8074,16.966
0.629,281.99,-0.22556,-6.3123,3.0686,23.16
0.63,281.76,-0.23524,-4.2981,3.8567,17.609
0.631,281.55,-0.2451,-4.7156,2.9701,19.046
0.632,281.3,-0.24289,-8.6169,3.9059,31.744
0.633,281.02,-0.24804,-7.3218,3.1917,24.603
0.634,280.78,-0.26864,-4.2188,4.0291,25.864
0.635,280.52,-0.27184,-7.5354,3.5119,35.393
0.636,280.21,-0.2662,-8.8501,4.1522,24.749
0.637,279.94,-0.28057,-2.8882,3.3887,26.973
0.638,279.69,-0.29229,-4.0503,4.497,34.446
0.639,279.38,-0.28308,-8.2776,3.9552,23.321
0.64,279.06,-0.2921,-3.9111,4.7679,27.294
0.641,278.8,-0.30759,-1.9116,4.3492,26.971
0.642,278.48,-0.30012,-6.5259,5.2358,30.319
0.643,278.15,-0.30185,-3.2422,4.5216,31.583
0.644,277.87,-0.31571,-1.1902,5.6792,32.519
0.645,277.55,-0.30831,-5.2417,5.2112,37.14
0.646,277.22,-0.31354,-3.9075,5.9747,25.223
0.647,276.94,-0.32633,-3.1445,5.753,29.832
0.648,276.59,-0.32139,-6.3318,6.5411,22.36
0.649,276.24,-0.33143,-4.3848,6.4673,28.414
0.65,275.95,-0.33997,-3.3289,7.1322,30.948
0.651,275.56,-0.33546,-4.9512,6.7382,33.01
0.652,275.24,-0.34297,-1.4832,7.5509,38.093
0.653,274.91,-0.34614,-1.8604,7.8464,39.045
0.654,274.53,-0.33885,-1.499,8.1173,36.178
0.655,274.22,-0.34927,-0.76782,8.1173,35.552
0.656,273.87,-0.34296,-0.59692,8.536,36.507
0.657,273.49,-0.34681,-1.6492,8.5606,38.568
0.658,273.19,-0.34913,0,9.6197,39.84
0.659,272.79,-0.34709,-2.4451,9.5458,40.779
0.66,272.47,-0.34927,0.93628,9.9891,43.961
0.661,272.13,-0.35518,-1.2854,10.309,45.392
0.662,271.74,-0.34213,0.99487,10.753,48.403
0.663,271.42,-0.35555,1.9019,10.9,38.72
0.664,271.08,-0.34212,2.8845,11.959,53.965
0.665,270.69,-0.33976,1.4502,11.885,53.652
0.666,270.42,-0.34076,5.0513,12.304,51.428
0.667,270.05,-0.33488,0.99976,12.772,51.113
0.668,269.71,-0.3303,3.479,13.363,60.801
0.669,269.41,-0.33712,2.135,13.24,60.333
0.67,269.04,-0.32236,1.8103,13.683,66.203
0.671,268.73,-0.33008,4.1296,14.274,64.757
0.672,268.43,-0.32583,3.6877,14.742,71.915
0.673,268.06,-0.30965,1.6248,15.136,70
0.674,267.78,-0.31868,7.2778,15.506,71.918
0.675,267.49,-0.31424,4.2981,16.023,76.05
0.676,267.14,-0.2937,2.0691,17.082,79.231
0.677,266.86,-0.30434,8.4241,17.082,76.365
0.678,266.6,-0.2993,7.3047,17.18,81.437
0.679,266.26,-0.27656,3.1226,17.772,79.217
0.68,266,-0.27772,9.3506,18.018,90.957
0.681,265.76,-0.27808,10.4,18.609,83.989
0.682,265.47,-0.25759,4.4556,18.757,94.155
0.683,265.21,-0.2473,6.7871,19.151,98.764
0.684,264.97,-0.25428,9.8218,19.2,104.96
0.685,264.76,-0.24378,7.1997,19.693,101.47
0.686,264.49,-0.22897,3.9905,19.569,106.69
0.687,264.26,-0.22159,7.9834,20.407,109.4
0.688,264.06,-0.22735,8.8086,20.087,114.33
0.689,263.86,-0.21437,7.3743,20.875,116.22
0.69,263.62,-0.19974,7.4805,20.431,119.56
0.691,263.41,-0.1921,10.593,21.244,122.57
0.692,263.26,-0.18419,9.4678,20.702,131.48
0.693,263.1,-0.17438,7.2119,21.564,126.4
0.694,262.94,-0.16703,8.0042,20.875,132.59
0.695,262.75,-0.16368,8.645,21.515,130.52
0.696,262.58,-0.15208,9.917,21.367,139.27
0.697,262.44,-0.14096,11.835,22.008,137.66
0.698,262.34,-0.1248,12.712,21.392,143.23
0.699,262.24,-0.10786,10.58,21.909,144.97
0.7,262.13,-0.10012,8.3215,21.417,148.47
0.701,262.04,-0.099182,6.554,21.811,148.95
0.702,261.94,-0.099353,4.4226,21.515,146.71
0.703,261.84,-0.092029,4.7241,21.614,151.49
0.704,261.74,-0.085742,7.0459,21.835,153.7
0.705,261.67,-0.076495,10.189,21.86,150.38
0.706,261.61,-0.063953,10.669,21.515,154.98
0.707,261.55,-0.048407,10.784,22.057,165.94
0.708,261.52,-0.038684,11.101,21.786,161.97
0.709,261.5,-0.031824,9.7168,21.737,156.72
0.71,261.47,-0.02099,7.6953,21.49,156.72
0.711,261.45,-0.015369,7.3254,21.244,157.19
0.712,261.45,-0.0099304,7.3828,21.146,156.89
0.713,261.45,-0.0020569,6.3733,21.195,162.28
0.714,261.45,0.0050903,6.416,20.949,162.75
0.715,261.46,0.010876,6.6968,20.825,160.22
0.716,261.48,0.016711,6.3257,20.727,162.1
0.717,261.5,0.023553,6.2231,20.284,170.22
0.718,261.53,0.029572,6.3696,20.062,167.2
0.719,261.57,0.036206,6.8237,19.84,162.76
0.72,261.61,0.042725,7.1765,19.89,157.2
0.721,261.66,0.05083,7.0605,19.619,161.17
0.722,261.72,0.059436,6.6846,19.545,160.38
0.723,261.78,0.064874,5.7617,19.077,155.62
0.724,261.86,0.069629,4.2798,19.348,159.59
0.725,261.94,0.071533,1.9556,18.609,161
0.726,262.01,0.072229,0.43823,18.387,157.36
0.727,262.08,0.069214,-0.45288,17.944,158.14
0.728,262.15,0.067065,-0.51147,18.018,152.75
0.729,262.21,0.067365,-0.22461,17.378,157.84
0.73,262.27,0.068976,1.394,17.328,154.51
0.731,262.34,0.071106,3.3301,16.688,152.28
0.732,262.42,0.076184,4.7571,16.885,142.6
0.733,262.5,0.083716,5.5835,16.343,145.6
0.734,262.59,0.09115,5.5298,16.565,147.51
0.735,262.69,0.096893,4.4788,15.801,144.49
0.736,262.8,0.098755,1.7175,15.924,143.23
0.737,262.91,0.098578,-0.93872,15.309,142.27
0.738,263,0.092303,-2.937,15.038,140.69
0.739,263.08,0.086456,-3.5742,14.496,141.49
0.74,263.15,0.082208,-2.9187,14.521,134.17
0.741,263.23,0.080884,-0.61035,13.93,132.11
0.742,263.32,0.083984,1.5808,14.053,132.11
0.743,263.4,0.089252,3.3057,13.289,135.61
0.744,263.5,0.09436,3.6304,13.437,127.66
0.745,263.6,0.098737,2.1179,12.649,128.47
0.746,263.7,0.099036,0.3064,12.871,122.58
0.747,263.81,0.094574,-2.3999,12.477,119.55
0.748,263.89,0.090784,-4.7827,12.624,118.77
0.749,263.98,0.082361,-5.3113,11.812,119.25
0.75,264.05,0.074823,-4.8474,12.23,117.68
0.751,264.12,0.072479,-4.1882,11.541,113.85
0.752,264.18,0.070337,-1.7847,11.565,113.37
0.753,264.26,0.069843,-0.029297,10.974,114.64
0.754,264.33,0.073438,0.81787,11.073,106.85
0.755,264.4,0.074677,1.5076,10.506,108.61
0.756,264.48,0.076569,0.6543,10.95,104.8
0.757,264.56,0.077875,-0.93018,10.383,102.73
0.758,264.64,0.073114,-2.4036,10.605,102.1
0.759,264.72,0.068787,-4.2725,10.211,98.443
0.76,264.77,0.062659,-6.1694,10.408,98.769
0.761,264.83,0.055206,-5.4944,9.9891,94.305
0.762,264.87,0.047028,-5.9167,9.9891,95.27
0.763,264.92,0.045642,-5.0049,9.4473,97.155
0.764,264.95,0.039203,-4.6411,9.8659,83.51
0.765,264.99,0.037634,-3.3289,8.8808,87.805
0.766,265.02,0.032001,-3.9661,9.3734,84.31
0.767,265.06,0.030383,-2.9504,9.201,87.329
0.768,265.08,0.025812,-3.5571,9.1025,80.98
0.769,265.1,0.024451,-2.9797,8.5606,86.378
0.77,265.12,0.019849,-3.6096,9.1271,78.895
0.771,265.14,0.017102,-2.9004,8.5853,87.963
0.772,265.16,0.012335,-3.5193,8.8808,73.821
0.773,265.16,0.01131,-3.2446,8.0435,74.461
0.774,265.17,0.0068542,-2.9749,8.6838,74.47
0.775,265.18,0.0036255,-2.489,8.2405,68.272
0.776,265.18,0.0022278,-3.2605,9.0286,78.436
0.777,265.18,-0.00010986,-2.6904,8.7577,68.112
0.778,265.17,-0.0049927,-2.7893,8.5606,70.967
0.779,265.17,-0.0065979,-3.23,8.2405,73.503
0.78,265.15,-0.010321,-3.2141,8.3636,68.906
0.781,265.15,-0.013922,-2.5354,8.4129,76.838
0.782,265.12,-0.01618,-2.9163,8.2405,66.837
0.783,265.1,-0.01767,-2.2412,7.7725,67.471
0.784,265.08,-0.021179,-1.532,8.2159,65.409
0.785,265.07,-0.021527,-1.6077,7.9696,60.8
0.786,265.04,-0.021582,-2.0703,8.339,64.95
0.787,265.02,-0.024219,-2.0642,8.1173,63.028
0.788,265,-0.028021,-2.749,8.3883,67.966
0.789,264.96,-0.0315,-3.5181,8.0188,72.239
0.79,264.93,-0.035272,-3.6328,8.4129,67.628
0.791,264.88,-0.039172,-3.5571,8.0188,65.096
0.792,264.84,-0.042383,-3.7134,8.2897,67.636
0.793,264.8,-0.045807,-4.342,7.9449,68.435
0.794,264.75,-0.050067,-4.3945,8.2405,64.776
0.795,264.7,-0.056982,-4.6338,7.9942,62.719
0.796,264.63,-0.061145,-4.4067,8.1666,64.138
0.797,264.56,-0.065552,-3.4082,8.0188,66.355
0.798,264.49,-0.067841,-1.0974,8.3144,63.349
0.799,264.42,-0.067108,-0.47607,8.2405,61.27
0.8,264.36,-0.062469,0.66772,8.3883,63.828
0.801,264.3,-0.063525,1.2964,8.3636,60.968
0.802,264.24,-0.062213,0.66528,8.7823,60.016
0.803,264.18,-0.061359,-0.3833,8.2651,61.436
0.804,264.11,-0.063782,-0.59326,8.6592,69.871
0.805,264.05,-0.064386,-2.0471,8.4375,66.366
0.806,263.98,-0.066492,-3.8489,8.6345,50.79
0.807,263.92,-0.072449,-4.3909,8.5114,63.819
0.808,263.84,-0.080603,-5.7202,8.9054,61.273
0.809,263.75,-0.085736,-5.6128,8.733,57.466
0.81,263.65,-0.092987,-3.8892,8.9301,59.701
0.811,263.55,-0.094556,-1.6809,8.7577,62.871
0.812,263.46,-0.091895,0.29419,8.8069,67.324
0.813,263.37,-0.089008,2.5403,9.0286,69.067
0.814,263.29,-0.084265,2.854,9.004,67.315
0.815,263.2,-0.080286,1.731,9.004,67.783
0.816,263.13,-0.080286,0.075684,9.0532,63.186
0.817,263.05,-0.08324,-3.1787,9.004,70.482
0.818,262.97,-0.088629,-4.7852,9.4719,60.326
0.819,262.87,-0.10016,-5.1501,9.2502,73.356
0.82,262.76,-0.10421,-4.1772,9.398,63.658
0.821,262.63,-0.10604,-2.3828,9.2256,66.363
0.822,262.53,-0.10413,2.074,9.5458,64.462
0.823,262.44,-0.10054,2.959,9.4719,67.633
0.824,262.35,-0.089789,3.2544,9.8413,68.435
0.825,262.26,-0.089417,1.7285,9.6935,70.808
0.826,262.18,-0.089764,-0.77637,10.186,62.223
0.827,262.09,-0.095483,-3.9758,9.9891,68.577
0.828,261.99,-0.10443,-4.4458,10.063,68.112
0.829,261.88,-0.10967,-4.2395,10.58,73.035
0.83,261.73,-0.11165,-2.3499,10.432,73.671
0.831,261.63,-0.11096,1.7749,10.408,72.248
0.832,261.53,-0.10723,3.4412,10.506,70.648
0.833,261.44,-0.095551,3.9331,10.58,75.402
0.834,261.34,-0.092462,3.0615,10.506,72.706
0.835,261.26,-0.09198,1.2598,10.482,78.266
0.836,261.17,-0.095654,-2.5342,10.777,76.371
0.837,261.07,-0.10093,-3.3923,10.925,78.117
0.838,260.96,-0.10822,-2.998,10.95,74.78
0.839,260.84,-0.10942,-1.5564,11.073,75.254
0.84,260.72,-0.10697,1.3257,11.097,80.191
0.841,260.62,-0.10344,4.0857,11.048,83.994
0.842,260.53,-0.094305,4.8511,10.925,79.389
0.843,260.44,-0.087793,4.1528,11.196,88.123
0.844,260.36,-0.085168,2.3608,11.073,76.831
0.845,260.28,-0.086206,-0.78125,11.147,82.872
0.846,260.19,-0.091632,-2.644,11.319,81.442
0.847,260.1,-0.098212,-3.1165,11.664,84.947
0.848,259.98,-0.10101,-2.9578,11.319,84.47
0.849,259.87,-0.10075,0.12451,11.738,82.562
0.85,259.77,-0.10099,2.7026,11.319,83.507
0.851,259.69,-0.09101,4.491,11.836,84.628
0.852,259.6,-0.084698,4.7729,11.565,85.892
0.853,259.53,-0.078558,5.4883,12.107,89.853
0.854,259.45,-0.076886,3.1812,11.861,89.71
0.855,259.38,-0.073553,0.75073,12.033,90.184
0.856,259.31,-0.075104,-1.3916,11.762,89.706
0.857,259.23,-0.080945,-1.9958,12.156,91.93
0.858,259.15,-0.085516,-2.4866,11.984,81.132
0.859,259.04,-0.086865,-1.4319,12.255,93.518
0.86,258.95,-0.085986,1.2976,12.107,97.02
0.861,258.87,-0.082263,3.4949,12.255,93.841
0.862,258.8,-0.074457,4.6448,12.304,100.98
0.863,258.74,-0.068042,5.365,12.378,94.468
0.864,258.67,-0.063641,4.6191,11.762,90.816
0.865,258.61,-0.059161,4.0698,12.378,92.086
0.866,258.55,-0.059167,2.9211,12.009,94.154
0.867,258.5,-0.054108,2.0142,12.649,92.097
0.868,258.44,-0.053436,0.61157,12.156,98.602
0.869,258.4,-0.053571,0.42114,12.797,91.927
0.87,258.34,-0.056104,-1.6406,12.206,95.101
0.871,258.29,-0.057062,-1.8872,12.895,98.443
0.872,258.22,-0.062311,-1.5698,11.713,102.09
0.873,258.16,-0.062872,-0.52856,12.6,101.14
0.874,258.09,-0.06142,0.54443,11.984,100.66
0.875,258.03,-0.058746,2.7039,12.944,102.26
0.876,257.98,-0.05434,3.8196,11.959,97.649
0.877,257.93,-0.048792,3.9917,12.55,99.548
0.878,257.89,-0.043774,3.9246,12.181,100.2
0.879,257.85,-0.041461,3.7512,12.526,98.761
0.88,257.81,-0.039124,2.7161,11.91,101.29
0.881,257.77,-0.035583,2.0447,12.477,100.34
0.882,257.73,-0.035211,2.3303,11.984,103.99
0.883,257.71,-0.033551,2.3669,12.575,94.627
0.884,257.67,-0.02981,1.6528,11.959,96.067
0.885,257.64,-0.027289,2.157,12.279,101.79
0.886,257.62,-0.027319,2.0557,11.861,103.05
0.887,257.6,-0.024426,1.1145,12.279,102.25
0.888,257.57,-0.023273,0.5188,11.861,92.239
0.889,257.55,-0.024237,0.83374,12.107,109.07
0.89,257.53,-0.024695,0.27954,11.688,100.82
0.891,257.5,-0.023151,0.16602,12.107,100.98
0.892,257.47,-0.023029,0.38818,11.541,100.67
0.893,257.46,-0.022443,0.91797,11.812,100.35
0.894,257.43,-0.022296,0.32471,11.368,96.067
0.895,257.41,-0.020105,0.12451,11.787,95.895
0.896,257.39,-0.021527,0.25513,11.418,96.701
0.897,257.37,-0.022406,0.55542,11.59,98.758
0.898,257.35,-0.021167,-0.15259,11.516,103.37
0.899,257.32,-0.019519,0.2002,11.91,92.726
0.9,257.31,-0.020868,0.72388,11.319,98.428
0.901,257.29,-0.020526,0.40039,11.491,96.531
0.902,257.27,-0.018787,-0.23071,11.22,91.135
0.903,257.25,-0.019165,0.33325,11.639,97.5
0.904,257.23,-0.020673,0.57739,11.073,99.081
0.905,257.21,-0.019202,0.49683,11.171,92.571
0.906,257.19,-0.017639,0.50781,11.294,98.448
0.907,257.17,-0.016302,1.1279,11.097,95.736
0.908,257.16,-0.016626,0.90332,10.925,89.066
0.909,257.15,-0.015033,0.59204,10.974,99.548
0.91,257.13,-0.014685,0.15381,10.679,94.788
0.911,257.11,-0.014679,0.43579,10.876,93.522
0.912,257.1,-0.015533,0.22583,10.95,90.181
0.913,257.09,-0.014447,0.048828,10.9,96.064
0.914,257.07,-0.013904,0.15869,10.802,88.599
0.915,257.06,-0.014441,0.35645,10.654,87.322
0.916,257.04,-0.013885,0.0048828,10.876,90.815
0.917,257.03,-0.013751,0.0036621,10.408,91.934
0.918,257.02,-0.014423,0.29663,10.679,90.981
0.919,257,-0.013885,-0.0073242,10.137,91.615
0.92,256.99,-0.012958,0.10864,10.383,89.236
0.921,256.97,-0.013922,0.2771,10.063,88.918
0.922,256.96,-0.013208,-0.085449,10.211,89.714
0.923,256.95,-0.013037,-0.41504,9.8167,90.019
0.924,256.93,-0.014313,-0.25757,10.26,87.169
0.925,256.92,-0.015033,-0.36865,9.5704,88.74
0.926,256.9,-0.01521,-1.001,10.235,82.396
0.927,256.89,-0.015051,-0.42847,9.4473,86.209
0.928,256.87,-0.018042,-0.33081,10.038,84.626
0.929,256.86,-0.016455,-0.23438,9.1025,89.25
0.93,256.83,-0.016687,-0.48218,10.383,86.222
0.931,256.82,-0.016382,0.30884,9.004,81.921
0.932,256.8,-0.017462,-0.40771,9.595,79.862
0.933,256.79,-0.016498,-0.3186,9.004,80.02
0.934,256.77,-0.018494,-0.53589,9.6935,84.944
0.935,256.75,-0.01828,-0.35034,9.1271,84.786
0.936,256.73,-0.019061,-0.52612,9.595,84.926
0.937,256.71,-0.019214,-0.60425,8.8316,84.002
0.938,256.69,-0.019128,-0.99854,9.4965,87.962
0.939,256.67,-0.021515,-0.93872,8.9547,78.594
0.94,256.65,-0.023273,-1.2329,9.6197,78.112
0.941,256.62,-0.023755,-1.5796,8.9301,80.671
0.942,256.6,-0.025378,-0.99854,9.5458,81.453
0.943,256.57,-0.027026,-1.1511,9.0286,80.815
0.944,256.55,-0.026508,-1.6003,9.2256,79.228
0.945,256.52,-0.029028,-1.7212,9.0286,79.696
0.946,256.49,-0.031757,-2.157,9.3241,79.391
0.947,256.45,-0.033984,-3.0286,8.8069,77.803
0.948,256.42,-0.037811,-2.9407,9.4965,79.397
0.949,256.38,-0.04165,-2.8906,8.733,76.053
0.95,256.33,-0.043732,-2.832,9.398,74.782
0.951,256.28,-0.04621,-1.8054,8.9054,77.484
0.952,256.23,-0.048145,-1.0034,9.4226,80.486
0.953,256.18,-0.046838,-0.5188,8.9054,86.062
0.954,256.14,-0.046667,0.58838,9.4719,77.316
0.955,256.09,-0.046326,0.88623,8.9547,79.707
0.956,256.05,-0.043268,0.9375,9.4473,72.082
0.957,256,-0.043713,0.65308,8.7823,75.26
0.958,255.97,-0.042151,0.9436,9.4719,74.147
0.959,255.92,-0.043402,0.21973,8.8562,72.09
0.96,255.88,-0.041608,0.48096,9.4226,76.373
0.961,255.83,-0.042169,-0.14648,8.7577,76.382
0.962,255.79,-0.041309,0.29419,9.2995,74.459
0.963,255.76,-0.042883,-0.40894,8.8562,74.134
0.964,255.71,-0.041931,-1.0938,9.398,77.637
0.965,255.67,-0.043652,-2.0642,8.9054,78.454
0.966,255.62,-0.047638,-2.7783,9.398,76.211
0.967,255.58,-0.05163,-3.7329,8.7084,80.343
0.968,255.52,-0.056775,-4.22,9.4965,75.101
0.969,255.45,-0.060596,-3.7463,8.8316,72.872
0.97,255.38,-0.064752,-2.6624,9.6689,76.053
0.971,255.32,-0.06637,-1.0364,8.9054,73.03
0.972,255.25,-0.064941,0.18921,9.6689,84.464
0.973,255.19,-0.061957,1.3391,9.0778,77.322
0.974,255.13,-0.05965,2.5635,9.6689,69.217
0.975,255.07,-0.058057,2.4146,8.8562,74.466
0.976,255.02,-0.053552,1.6467,9.4965,74.144
0.977,254.96,-0.052869,1.6138,8.9301,81.467
0.978,254.92,-0.053723,1.4563,9.595,75.734
0.979,254.86,-0.051581,-0.0036621,8.9547,82.736
0.98,254.81,-0.050775,-0.56396,9.8659,77.159
0.981,254.76,-0.053571,-1.0449,9.1025,75.405
0.982,254.71,-0.055688,-2.6721,10.26,69.687
0.983,254.65,-0.058948,-4.0161,9.4965,71.762
0.984,254.59,-0.064941,-4.0662,9.9891,79.716
0.985,254.51,-0.070856,-3.6255,9.8906,83.523
0.986,254.44,-0.073901,-2.5537,10.26,71.609
0.987,254.35,-0.073816,-0.9082,9.8167,76.844
0.988,254.28,-0.071716,0.94482,10.211,75.883
0.989,254.22,-0.069482,2.655,9.9645,74.472
0.99,254.15,-0.066132,3.0713,10.186,74.917
0.991,254.09,-0.060626,3.3716,10.014,85.744
0.992,254.02,-0.058459,3.3496,10.26,78.747
0.993,253.98,-0.054858,3.0884,9.9891,74.299
0.994,253.92,-0.052734,1.2671,10.26,74.626
0.995,253.88,-0.05069,-0.037842,9.7182,78.121
0.996,253.83,-0.054291,-1.7529,10.309,79.72
0.997,253.77,-0.058649,-3.5742,10.186,75.894
0.998,253.71,-0.063623,-4.4592,10.531,80.178
0.999,253.63,-0.070605,-4.0686,10.359,80.482
1,253.56,-0.072986,-2.5879,10.679,77.792
1.001,253.47,-0.074634,-1.0693,10.26,83.516
1.002,253.4,-0.071588,1.5869,10.703,80.975
1.003,253.33,-0.06897,2.7588,10.285,86.859
1.004,253.27,-0.062671,4.0186,10.851,78.435
1.005,253.22,-0.059192,3.7463,10.556,75.726
1.006,253.16,-0.054541,3.5303,10.876,81.442
1.007,253.11,-0.052856,2.5464,10.482,87.962
1.008,253.06,-0.051318,1.8774,10.925,84.455
1.009,253.01,-0.049939,0.62134,10.531,78.429
1.01,252.96,-0.049805,0.14526,11.048,90.676
1.011,252.91,-0.051434,-0.9436,10.26,88.121
1.012,252.86,-0.05213,-1.7993,10.826,84.624
1.013,252.8,-0.056036,-2.7039,10.235,83.201
1.014,252.75,-0.058936,-2.9041,10.9,83.513
1.015,252.68,-0.063324,-2.7893,10.235,83.201
1.016,252.61,-0.065955,-1.156,10.679,83.99
1.017,252.54,-0.066077,-0.30029,10.26,85.576
1.018,252.47,-0.061816,1.4856,10.802,89.385
1.019,252.42,-0.060437,2.6807,10.112,89.866
1.02,252.37,-0.055896,3.2703,11.171,84.789
1.021,252.31,-0.052551,2.76,10.014,80.972
1.022,252.26,-0.049725,3.2593,10.876,94.797
1.023,252.21,-0.048016,2.8564,10.359,88.44
1.024,252.17,-0.044141,2.4902,10.777,88.926
1.025,252.13,-0.041614,2.1252,10.506,85.572
1.026,252.09,-0.0401,1.6565,10.679,89.223
1.027,252.05,-0.039099,0.63477,10.629,90.822
1.028,252.01,-0.039734,-0.37231,10.9,87.952
1.029,251.97,-0.040967,-0.85083,10.753,85.889
1.03,251.93,-0.043475,-1.7517,10.605,84.465
1.031,251.89,-0.044354,-2.0508,10.9,91.302
1.032,251.84,-0.047858,-2.2717,10.95,86.536
1.033,251.79,-0.049988,-1.864,10.974,87.018
1.034,251.74,-0.052325,-1.6467,10.851,92.099
1.035,251.68,-0.052795,-0.095215,10.753,84.614
1.036,251.63,-0.052588,0.6958,10.58,89.702
1.037,251.57,-0.048334,1.781,11.023,87.168
1.038,251.53,-0.046509,2.2607,10.826,94.479
1.039,251.49,-0.04342,2.7625,10.999,86.855
1.04,251.45,-0.041492,1.8347,10.802,87.967
1.041,251.41,-0.038776,2.2424,10.9,93.042
1.042,251.37,-0.03916,2.0642,10.605,90.019
1.043,251.33,-0.035297,2.24,10.826,89.864
1.044,251.3,-0.033099,1.8286,10.679,94.927
1.045,251.27,-0.030292,2.1899,10.851,90.346
1.046,251.24,-0.029633,1.3489,10.654,88.28
1.047,251.21,-0.02821,0.68481,10.876,88.756
1.048,251.18,-0.028552,0.076904,10.58,89.077
1.049,251.16,-0.029675,-0.085449,11.122,93.364
1.05,251.13,-0.029907,-0.81665,10.531,93.206
1.051,251.09,-0.03006,-0.60059,10.777,83.046
1.052,251.06,-0.032294,-0.021973,10.482,89.708
1.053,251.03,-0.031555,-0.34668,10.679,88.907
1.054,251,-0.029785,-0.35278,10.777,82.241
1.055,250.97,-0.031641,0.29785,10.974,95.904
1.056,250.95,-0.031824,-0.54199,10.556,91.297
1.057,250.91,-0.030804,-1.5002,10.95,86.695
1.058,250.87,-0.034265,-1.0559,10.531,88.918
1.059,250.84,-0.037286,-1.4197,10.9,81.129
1.06,250.8,-0.03692,-1.3062,10.334,86.059
1.061,250.76,-0.038922,-0.33691,10.654,83.513
1.062,250.72,-0.037335,0.4541,10.506,91.935
1.063,250.68,-0.03595,0.70801,10.876,87.644
1.064,250.65,-0.035016,1.7346,10.383,90.976
1.065,250.62,-0.03338,1.0217,10.629,86.53
1.066,250.58,-0.030249,0.82764,10.038,90.349
1.067,250.56,-0.032227,0.96558,10.728,80.34
1.068,250.53,-0.031812,0.68115,9.9152,84.621
1.069,250.49,-0.030188,0.12329,10.334,93.065
1.07,250.46,-0.029974,0.76904,9.6443,88.444
1.071,250.43,-0.029633,1.0657,10.112,88.432
1.072,250.41,-0.028381,1.1108,9.5211,87.009
1.073,250.38,-0.026483,1.1658,10.186,86.221
1.074,250.35,-0.024634,1.0278,9.4965,87.485
1.075,250.33,-0.024146,0.90332,10.112,84.625
1.076,250.31,-0.024493,0.30396,9.5704,86.699
1.077,250.28,-0.023865,-0.41138,10.235,87.33
1.078,250.26,-0.024963,-0.64819,9.5458,85.267
1.079,250.23,-0.026691,-0.56641,10.556,85.737
1.08,250.2,-0.027386,-0.73853,9.6935,86.528
1.081,250.18,-0.027325,-0.98022,10.211,78.903
1.082,250.15,-0.027557,-0.56519,9.3241,82.72
1.083,250.12,-0.029865,-0.64941,9.9645,95.593
1.084,250.09,-0.029517,-1.3098,9.4719,81.455
1.085,250.05,-0.030634,-1.6211,10.088,82.404
1.086,250.03,-0.033875,-1.0815,9.4965,82.562
1.087,249.99,-0.035663,-1.9824,9.7921,79.703
1.088,249.95,-0.035272,-1.9788,9.1271,80.814
1.089,249.92,-0.039429,-1.4661,9.6935,86.534
1.09,249.88,-0.040527,-1.0522,9.1271,85.424
1.091,249.83,-0.041205,-1.4001,9.8659,85.879
1.092,249.79,-0.040924,-0.054932,9.1764,75.409
1.093,249.75,-0.042273,0.26855,10.038,80.025
1.094,249.71,-0.039703,0.82031,9.1271,85.91
1.095,249.67,-0.039185,0.89111,9.4226,81.135
1.096,249.63,-0.037103,1.7188,8.8316,85.754
1.097,249.6,-0.036469,1.0437,9.4719,83.36
1.098,249.56,-0.033679,1.0596,8.9054,85.254
1.099,249.53,-0.034485,0.93018,9.7182,81.605
1.1,249.5,-0.033887,0.77881,8.8069,81.284
1.101,249.46,-0.032452,0.24658,9.6197,85.109
1.102,249.43,-0.032574,0.70068,8.8069,81.299
1.103,249.4,-0.032446,0.67871,9.5458,82.093
1.104,249.37,-0.030981,0.12939,8.9054,83.043
1.105,249.34,-0.030493,-0.050049,9.5458,75.578
1.106,249.31,-0.031805,-0.65796,8.9054,80.182
1.107,249.27,-0.032825,-1.1365,9.6689,84.627
1.108,249.24,-0.035736,-1.6699,9.0778,82.723
1.109,249.2,-0.036664,-2.0471,9.6197,83.978
1.11,249.16,-0.038843,-2.2937,9.004,90.347
1.111,249.12,-0.042041,-1.9824,9.7921,79.699
1.112,249.08,-0.044293,-2.9822,8.8069,81.45
1.113,249.03,-0.045648,-2.4036,9.4719,84.475
1.114,248.98,-0.051575,-1.6101,9.1025,81.946
1.115,248.93,-0.050861,-0.9375,9.4473,83.991
1.116,248.86,-0.050092,-0.72021,8.9793,78.597
1.117,248.83,-0.048981,1.1877,9.6935,78.906
1.118,248.78,-0.049249,0.9436,9.1764,83.67
1.119,248.74,-0.045636,0.96069,9.595,83.994
1.12,248.68,-0.046143,1.1145,9.0778,83.205
1.121,248.64,-0.045288,1.6724,9.5458,90.195
1.122,248.59,-0.043408,1.3879,9.0286,80.019
1.123,248.55,-0.040887,1.6882,9.2995,78.277
1.124,248.52,-0.038696,1.554,9.1517,81.927
1.125,248.48,-0.037701,1.0034,9.5458,81.45
1.126,248.44,-0.037518,0.36255,9.1025,80.976
1.127,248.41,-0.038391,-0.54565,9.5458,83.022
1.128,248.36,-0.039075,-1.2451,9.1764,82.575
1.129,248.33,-0.041425,-1.7566,9.4226,77.956
1.13,248.28,-0.043927,-2.0374,9.0286,78.432
1.131,248.24,-0.046301,-2.1948,9.1271,81.923
1.132,248.19,-0.048578,-2.2192,9.3734,83.691
1.133,248.13,-0.050049,-2.0752,9.6935,72.395
1.134,248.08,-0.052521,-1.5491,9.8659,86.847
1.135,248.03,-0.054303,-1.1938,9.6689,82.248
1.136,247.97,-0.054047,-0.9021,9.4719,81.599
1.137,247.92,-0.054547,0.070801,9.8413,79.229
1.138,247.86,-0.054559,0.91309,9.7182,80.825
1.139,247.81,-0.052167,1.333,9.4226,81.296
1.14,247.76,-0.049738,1.7114,9.7182,82.568
1.141,247.71,-0.047382,2.2693,9.6443,78.751
1.142,247.67,-0.04599,2.2083,9.6935,82.881
1.143,247.63,-0.043213,1.8005,9.4473,84.785
1.144,247.58,-0.041125,1.405,9.595,84.793
1.145,247.54,-0.040735,1.4331,9.9152,82.714
1.146,247.51,-0.040356,0.45532,10.112,81.762
1.147,247.46,-0.038824,-0.64575,10.014,78.11
1.148,247.42,-0.040936,-0.80322,9.9152,82.399
1.149,247.39,-0.044354,-1.604,9.7428,84.793
1.15,247.34,-0.044751,-3.1091,9.8413,83.046
1.151,247.28,-0.048376,-2.4573,9.8659,84.789
1.152,247.24,-0.05437,-1.6809,10.014,82.893
1.153,247.18,-0.053223,-2.428,9.9891,76.045
1.154,247.12,-0.052759,-1.4001,9.9152,83.028
1.155,247.07,-0.056891,0.4895,9.8167,84.47
1.156,247.02,-0.055377,-0.097656,10.161,84.643
1.157,246.95,-0.051923,0.13428,10.112,83.678
1.158,246.91,-0.053711,1.9312,10.088,80.182
1.159,246.86,-0.052087,1.9104,10.161,81.934
1.16,246.8,-0.047235,1.5894,10.211,81.442
1.161,246.76,-0.045825,2.7234,10.112,80.324
1.162,246.72,-0.043976,2.4915,9.9645,87.645
1.163,246.68,-0.040094,1.7041,10.186,87.799
1.164,246.64,-0.03963,1.4807,10.088,76.685
1.165,246.6,-0.038715,1.1047,9.9152,81.763
1.166,246.56,-0.038422,-0.44067,10.383,89.556
1.167,246.52,-0.038452,-0.56152,10.211,81.925
1.168,246.48,-0.042297,-1.2634,10.482,81.145
1.169,246.44,-0.042438,-1.6772,10.063,86.692
1.17,246.39,-0.045032,-1.9482,9.9891,79.87
1.171,246.35,-0.046808,-1.1194,9.8413,89.393
1.172,246.3,-0.048193,-1.7334,10.235,82.553
1.173,246.25,-0.047894,-1.1096,10.383,91.148
1.174,246.2,-0.051105,-0.99976,10.285,83.666
1.175,246.15,-0.05058,-0.49438,10.014,87.494
1.176,246.09,-0.051807,-0.19043,10.137,84.467
1.177,246.05,-0.050665,1.0925,9.7674,86.689
1.178,245.99,-0.048846,1.4539,10.408,83.514
1.179,245.95,-0.045642,2.2083,10.038,84.002
1.18,245.91,-0.043311,2.3767,10.235,89.562
1.181,245.87,-0.040765,2.0703,10.088,89.388
1.182,245.83,-0.038782,1.9177,10.432,82.719
1.183,245.79,-0.038495,1.4124,10.088,86.05
1.184,245.76,-0.036053,1.2988,10.161,83.193
1.185,245.72,-0.036249,0.78125,9.9398,84.947
1.186,245.69,-0.034271,0.83496,10.088,83.84
1.187,245.65,-0.034875,-0.061035,10.088,93.857
1.188,245.62,-0.03432,0.059814,10.26,85.268
1.189,245.58,-0.036359,-0.68481,10.014,88.436
1.19,245.55,-0.03595,-1.0864,10.285,83.503
1.191,245.5,-0.037695,-1.2573,10.038,86.688
1.192,245.47,-0.040308,-0.96924,10.383,81.768
1.193,245.43,-0.040607,-1.3684,10.137,88.601
1.194,245.38,-0.041205,-0.92163,10.383,92.899
1.195,245.34,-0.042792,-0.27222,10.038,77.958
1.196,245.3,-0.042303,-0.30396,10.482,85.259
1.197,245.26,-0.041669,-0.33936,9.9891,88.756
1.198,245.22,-0.042126,0.031738,10.359,83.351
1.199,245.17,-0.042902,-0.18433,9.9891,93.986
1.2,245.13,-0.042633,0.10132,10.137,79.537
1.201,245.08,-0.043225,0.39185,9.9645,82.241
1.202,245.04,-0.041162,1.0046,10.285,86.054
1.203,245,-0.040167,1.7407,10.038,80.66
1.204,244.97,-0.037878,2.179,10.408,89.72
1.205,244.93,-0.033929,1.6174,9.8906,84.943
1.206,244.89,-0.03233,1.7834,10.432,85.911
1.207,244.87,-0.033075,1.4966,10.014,83.511
1.208,244.84,-0.03125,0.36255,10.235,85.414
1.209,244.8,-0.030396,0.091553,10.038,84.306
1.21,244.77,-0.032117,0.39795,10.457,80.638
1.211,244.74,-0.031873,-0.28564,9.9891,97.825
1.212,244.71,-0.031085,-0.32715,10.112,85.582
1.213,244.68,-0.032678,-0.49805,9.8906,86.22
1.214,244.64,-0.032031,-0.75806,9.9891,83.512
1.215,244.61,-0.034607,-0.7959,9.6443,93.53
1.216,244.58,-0.035663,-0.90332,10.038,82.399
1.217,244.54,-0.035065,-1.2866,9.7674,91.129
1.218,244.5,-0.037195,-0.77637,10.359,86.542
1.219,244.47,-0.038464,-0.44434,9.7921,85.575
1.22,244.43,-0.038489,-0.90576,10.235,84.47
1.221,244.39,-0.037885,-0.4126,9.7674,84.472
1.222,244.35,-0.039594,-0.4541,10.137,82.574
1.223,244.31,-0.039258,-0.50781,9.595,81.127
1.224,244.27,-0.040735,-0.53711,9.9891,84.952
1.225,244.23,-0.041028,-0.21484,9.9398,87.338
1.226,244.19,-0.04057,0.177,10.063,85.095
1.227,244.14,-0.040668,0.70068,9.595,85.101
1.228,244.11,-0.038373,1.123,10.038,85.725
1.229,244.07,-0.037231,1.2012,9.6443,85.264
1.23,244.04,-0.035413,1.6187,10.161,86.544
1.231,244,-0.034564,1.4258,9.3241,84.156
1.232,243.96,-0.032574,1.4246,9.6197,84.318
1.233,243.94,-0.031244,0.99731,9.3487,76.854
1.234,243.9,-0.030109,0.7312,10.112,87.169
1.235,243.88,-0.030426,0.53467,9.398,82.246
1.236,243.85,-0.030908,-0.61279,9.6197,80.338
1.237,243.81,-0.029901,-0.65186,9.004,88.758
1.238,243.78,-0.034308,-0.69946,9.5704,83.991
1.239,243.76,-0.033368,-0.56885,9.201,77.965
1.24,243.71,-0.033923,-1.4648,9.7921,79.064
1.241,243.68,-0.033752,-0.34058,8.8562,80.499
1.242,243.64,-0.037225,-1.106,9.7182,89.887
1.243,243.61,-0.036011,-0.9668,9.0532,84.471
1.244,243.57,-0.038898,-1.5735,9.5458,84.939
1.245,243.53,-0.038757,-0.52246,9.1025,85.74
1.246,243.49,-0.04162,-0.89233,9.4473,88.591
1.247,243.45,-0.039838,-0.64697,8.8562,82.879
1.248,243.4,-0.040472,-0.58105,9.4719,83.996
1.249,243.37,-0.042133,0,9.0286,87.336
1.25,243.33,-0.041663,-0.6189,9.2995,82.405
1.251,243.28,-0.04162,-0.35645,9.201,85.587
1.252,243.24,-0.042932,0.56641,9.3734,85.103
1.253,243.2,-0.042255,0.63354,9.201,90.019
1.254,243.16,-0.039301,1.2903,9.595,78.904
1.255,243.12,-0.038495,1.6138,9.5458,84.785
1.256,243.08,-0.035168,1.8469,9.398,85.583
1.257,243.05,-0.034863,1.2012,9.4719,82.723
1.258,243.02,-0.03302,1.0376,9.4719,80.979
1.259,242.98,-0.033295,0.2124,9.4473,78.747
1.26,242.95,-0.033307,0.27832,9.6197,85.593
1.261,242.91,-0.034106,-0.43945,9.3487,87.653
1.262,242.88,-0.033472,-0.39673,9.5458,86.371
1.263,242.85,-0.035217,-0.67383,9.8906,80.818
1.264,242.81,-0.035278,-1.0547,9.4965,86.196
1.265,242.77,-0.036676,-1.4624,9.7921,81.77
1.266,242.74,-0.03938,-1.4624,9.5458,83.044
1.267,242.7,-0.040784,-1.8945,9.7182,86.54
1.268,242.65,-0.042529,-1.2915,9.4965,87.178
1.269,242.61,-0.044751,-0.59937,9.4965,82.256
1.27,242.56,-0.043134,-0.61279,9.6443,84.633
1.271,242.51,-0.042377,-0.24414,9.8413,76.054
1.272,242.48,-0.043848,0.32227,9.4473,84.31
1.273,242.44,-0.04375,-0.43701,9.8906,85.104
1.274,242.39,-0.04314,-0.67505,9.2749,84.469
1.275,242.34,-0.045319,0.13306,9.8659,83.525
1.276,242.3,-0.045752,0.36987,9.004,81.773
1.277,242.26,-0.043182,0.53101,9.7182,80.818
1.278,242.21,-0.041901,1.3184,8.9054,80.817
1.279,242.17,-0.040485,1.46,9.595,83.519
1.28,242.13,-0.038727,1.2048,8.9054,87.964
1.281,242.1,-0.038452,1.1072,9.5211,85.268
1.282,242.06,-0.037158,0.68359,8.8069,83.671
1.283,242.02,-0.036365,0.3833,9.6197,83.361
1.284,241.99,-0.037067,0.42236,8.9301,86.063
1.285,241.95,-0.03681,-0.15503,9.4473,82.41
1.286,241.91,-0.03634,-0.53955,8.9793,84.951
1.287,241.88,-0.037933,-0.5603,9.5211,85.116
1.288,241.84,-0.039062,-0.78125,8.7084,82.248
1.289,241.8,-0.039868,-1.1353,9.4226,80.185
1.29,241.76,-0.040717,-0.83374,9.004,81.611
1.291,241.71,-0.042017,-0.83008,9.5458,91.144
1.292,241.67,-0.042102,-0.6665,9.1764,86.383
1.293,241.63,-0.043213,-0.84351,9.2995,84.947
1.294,241.59,-0.043201,-0.62622,9.398,83.036
1.295,241.54,-0.044934,-0.94116,9.5458,75.889
1.296,241.5,-0.045148,-0.56396,9.1764,81.932
1.297,241.45,-0.046808,-0.33936,9.4719,87.491
1.298,241.4,-0.046033,-0.30273,9.5458,87.18
1.299,241.35,-0.044897,0.57373,9.4473,86.057
1.3,241.31,-0.046448,1.5784,9.2502,90.176
1.301,241.27,-0.042279,1.5918,9.5211,86.531
1.302,241.22,-0.038916,1.6309,9.6935,81.285
1.303,241.19,-0.038074,2.55,9.595,86.219
1.304,241.16,-0.036743,1.3477,9.8167,80.031
1.305,241.12,-0.033698,0.32104,9.398,83.521
1.306,241.09,-0.035541,0.36743,9.6935,80.34
1.307,241.05,-0.037311,-0.36133,9.398,86.381
1.308,241.01,-0.036237,-1.0498,9.7182,79.061
1.309,240.97,-0.03855,-0.96802,9.4473,81.124
1.31,240.94,-0.038947,-0.5896,9.7182,86.057
1.311,240.89,-0.040381,-1.1438,9.4226,86.547
1.312,240.85,-0.040259,-0.43457,9.8167,86.387
1.313,240.81,-0.041956,-0.5603,9.2749,83.197
1.314,240.77,-0.040723,-0.22827,9.6935,73.038
1.315,240.73,-0.041748,-0.57007,9.201,87.644
1.316,240.69,-0.041522,-0.21729,10.186,86.849
1.317,240.65,-0.043109,-0.8606,9.0778,82.247
1.318,240.6,-0.043042,-0.63965,9.7674,82.705
1.319,240.56,-0.045026,-0.72388,9.3487,82.569
1.32,240.51,-0.044946,-0.10376,9.5211,84.148
1.321,240.47,-0.045142,0.29541,9.2749,86.534
1.322,240.42,-0.043628,1.2268,9.595,84.796
1.323,240.38,-0.041565,1.6418,9.004,84.321
1.324,240.34,-0.038892,1.9531,9.6935,79.865
1.325,240.31,-0.036737,1.4905,9.4473,82.884
1.326,240.27,-0.035376,1.2085,9.8167,93.208
1.327,240.24,-0.036176,0.66162,9.7182,83.03
1.328,240.2,-0.035522,0.040283,9.398,84.157
1.329,240.16,-0.035583,0.39917,9.9152,88.75
1.33,240.13,-0.036536,0.028076,9.8167,84.788
1.331,240.09,-0.03338,-0.56519,9.7921,82.567
1.332,240.05,-0.036035,-0.79224,9.5458,83.516
1.333,240.03,-0.038348,-0.40405,10.014,83.671
1.334,239.98,-0.039545,-1.7212,9.2995,84.16
1.335,239.94,-0.038556,-0.57739,9.7674,86.539
1.336,239.9,-0.041986,0.2063,9.2256,87.48
1.337,239.86,-0.038922,0.27344,9.8167,81.288
1.338,239.82,-0.037317,-0.28442,9.004,87.331
1.339,239.78,-0.038177,0.29663,9.7428,84.309
1.34,239.75,-0.039978,-0.57129,9.004,82.723
1.341,239.71,-0.040503,-1.2048,9.7921,80.985
1.342,239.66,-0.041779,-0.8313,9.2256,90.514
1.343,239.62,-0.043341,0.054932,9.3734,84.635
1.344,239.57,-0.042334,0.47241,9.1271,86.211
1.345,239.53,-0.039703,1.1011,9.2749,84.621
1.346,239.49,-0.038141,1.5906,8.8808,80.496
1.347,239.46,-0.036273,1.5515,9.4473,83.049
1.348,239.43,-0.035388,0.92651,9.4473,85.583
1.349,239.39,-0.034576,0.47852,9.7182,83.043
1.35,239.36,-0.035071,0.30396,9.4965,85.91
1.351,239.32,-0.035748,0.45044,9.4965,83.516
1.352,239.29,-0.034753,0.18311,9.4226,87.344
1.353,239.25,-0.033136,-0.068359,9.5704,84.309
1.354,239.22,-0.033661,0.23804,9.6689,84.476
1.355,239.19,-0.035413,-0.3833,9.3734,86.69
1.356,239.15,-0.034558,-1.0645,9.6689,81.441
1.357,239.11,-0.03667,-0.84229,9.398,90.346
1.358,239.08,-0.038458,-0.29297,9.595,83.043
1.359,239.04,-0.037872,-0.57129,9.6197,92.263
1.36,239,-0.036877,-0.11963,9.6935,83.517
1.361,238.96,-0.037415,0.49683,9.2995,82.093
1.362,238.93,-0.037268,0.084229,9.7182,82.883
1.363,238.89,-0.035974,-0.25391,9.1764,88.908
1.364,238.85,-0.037451,-0.25879,9.595,86.376
1.365,238.82,-0.038147,-0.25146,9.1517,86.211
1.366,238.78,-0.038708,-1.0583,9.6197,84.001
1.367,238.74,-0.038525,-0.85449,8.733,83.676
1.368,238.7,-0.041266,-0.32959,9.6935,83.823
1.369,238.66,-0.041724,-0.55664,9.0286,87.646
1.37,238.61,-0.039795,-0.014648,9.5704,84.148
1.371,238.57,-0.041492,0.86548,9.2995,83.679
1.372,238.54,-0.038599,1.4844,9.4965,89.059
1.373,238.49,-0.036938,1.0889,9.1025,83.523
1.374,238.46,-0.034302,1.8872,9.6935,82.72
1.375,238.43,-0.034351,0.92163,9.0778,76.048
1.376,238.4,-0.032056,0.62622,9.4965,86.536
1.377,238.37,-0.03399,0.17944,9.5704,89.72
1.378,238.33,-0.033807,-0.085449,9.8906,82.255
1.379,238.29,-0.033405,-0.69824,9.3487,87.34
1.38,238.26,-0.034778,-0.17334,9.3487,80.972
1.381,238.23,-0.035547,-0.33691,9.6443,79.7
1.382,238.19,-0.034857,-0.79834,9.398,84.466
1.383,238.15,-0.035492,-0.39917,10.137,80.169
1.384,238.12,-0.037396,-0.13062,9.4473,82.246
1.385,238.08,-0.036774,-0.33813,9.6935,84.476
1.386,238.04,-0.0362,-0.12817,9.3487,86.54
1.387,238.01,-0.036548,0.3064,9.398,79.068
1.388,237.97,-0.036133,-0.10132,8.9793,83.209
1.389,237.94,-0.035864,-0.36499,9.595,83.835
1.39,237.9,-0.03728,-0.57983,8.9547,86.866
1.391,237.86,-0.038025,-1.178,9.4719,85.261
1.392,237.82,-0.039447,-0.979,9.1517,88.277
1.393,237.78,-0.042023,-0.23682,9.6443,82.877
1.394,237.74,-0.040759,0.032959,9.201,90.829
1.395,237.69,-0.038464,0.71289,9.4965,84.955
1.396,237.66,-0.03786,1.5503,9.5211,82.563
1.397,237.63,-0.035883,1.0242,9.2502,86.23
1.398,237.59,-0.034271,0.3479,9.4719,81.291
1.399,237.56,-0.035638,0.51147,9.595,87.799
1.4,237.52,-0.036725,-0.083008,9.5704,83.994
1.401,237.48,-0.035303,-0.19287,9.5704,83.835
1.402,237.44,-0.036298,0.271,9.7674,81.934
1.403,237.42,-0.035236,0.36255,9.1271,84.629
1.404,237.38,-0.034283,-0.3833,9.6935,84.48
1.405,237.34,-0.034912,-0.012207,9.0778,82.882
1.406,237.31,-0.037219,-0.21973,9.8413,83.362
1.407,237.27,-0.036359,-0.41626,8.9547,81.767
1.408,237.23,-0.036334,-0.25757,9.6197,85.735
1.409,237.2,-0.036365,0.47119,9.1764,93.699
1.41,237.16,-0.0362,0.14526,9.6197,94.314
1.411,237.13,-0.034863,-0.19653,9.0532,85.737
1.412,237.09,-0.035632,-0.3125,9.1271,81.288
1.413,237.06,-0.037317,-0.42969,9.1764,85.74
1.414,237.02,-0.037927,-0.71777,9.3734,80.664
1.415,236.97,-0.038348,-0.65918,9.3487,81.458
1.416,236.94,-0.038452,-0.40405,9.7921,88.768
1.417,236.9,-0.038928,-0.41382,9.2256,84.152
1.418,236.86,-0.039337,-0.52002,9.2749,83.515
1.419,236.82,-0.039996,-0.45044,9.5704,83.339
1.42,236.78,-0.040948,-0.19287,9.1025,82.404
1.421,236.74,-0.040704,0.271,9.2749,89.404
1.422,236.69,-0.039893,0.22583,9.201,84.472
1.423,236.66,-0.037982,1.2,9.4965,86.701
1.424,236.62,-0.038867,1.0022,9.2749,80.035
1.425,236.59,-0.034949,0.81787,9.7921,76.051
1.426,236.54,-0.035693,0.4248,9.3734,81.606
1.427,236.52,-0.035803,0.91675,9.7182,79.541
1.428,236.48,-0.035858,-0.50537,9.1764,88.759
1.429,236.45,-0.034283,-0.33447,9.595,82.406
1.43,236.41,-0.037476,-0.4895,9.0286,89.248
1.431,236.37,-0.037366,-0.21484,9.5704,83.999
1.432,236.33,-0.038251,-0.9729,9.201,83.833
1.433,236.3,-0.036932,0.015869,9.595,77.013
1.434,236.25,-0.039148,0.1416,8.8069,84.949
1.435,236.22,-0.037396,0.3064,9.4965,87.169
1.436,236.18,-0.036658,-0.39429,8.8069,77.324
1.437,236.14,-0.036719,0.42358,9.398,88.587
1.438,236.11,-0.038904,-0.48096,8.7577,83.674
1.439,236.07,-0.03703,-0.99365,9.4719,84.155
1.44,236.03,-0.039801,-1.2463,8.7823,90.045
1.441,235.99,-0.041626,-0.49072,9.1271,81.607
1.442,235.94,-0.04295,-0.8667,9.0778,83.844
1.443,235.9,-0.041357,0.1416,9.4473,85.739
1.444,235.86,-0.041364,0.48462,9.201,83.368
1.445,235.82,-0.039093,1.4722,9.4473,85.745
1.446,235.78,-0.039203,0.78369,9.5211,89.068
1.447,235.75,-0.03559,0.83618,9.4473,86.223
1.448,235.71,-0.037439,0.49683,9.6935,79.702
1.449,235.68,-0.037183,0.74463,9.1517,87.49
1.45,235.64,-0.036609,-0.08667,9.6689,79.071
1.451,235.6,-0.03548,0.36011,9.3734,87.174
1.452,235.57,-0.036023,0.23071,9.6197,84.953
1.453,235.53,-0.035638,-0.46021,9.201,84.633
1.454,235.5,-0.036029,-0.48828,9.4473,86.383
1.455,235.46,-0.03891,-0.33691,8.8562,85.407
1.456,235.42,-0.037921,-0.17456,9.5458,85.107
1.457,235.37,-0.037708,0.11719,8.8562,93.208
1.458,235.34,-0.036511,0.93262,9.4226,84.795
1.459,235.31,-0.035443,0.61523,8.7084,86.703
1.46,235.27,-0.034247,0.23926,9.2502,83.213
1.461,235.24,-0.034845,-0.14893,8.7823,85.106
1.462,235.2,-0.036511,-0.33569,9.1025,83.516
1.463,235.17,-0.037256,-0.47119,9.2256,86.535
1.464,235.13,-0.037122,-0.75195,9.1271,87.96
1.465,235.09,-0.036603,-0.27222,9.398,86.378
1.466,235.05,-0.038605,-0.37109,9.4719,83.685
1.467,235.02,-0.037872,-0.51758,9.3487,82.725
1.468,234.97,-0.039111,-0.67139,9.4719,90.677
1.469,234.94,-0.039709,-0.15381,9.4719,81.296
1.47,234.89,-0.03996,-0.012207,9.2995,85.903
1.471,234.86,-0.039374,0.49805,9.6935,86.858
1.472,234.82,-0.037933,0.60669,9.0532,78.115
1.473,234.78,-0.036621,0.91431,9.4965,85.1
1.474,234.75,-0.036676,0.81299,8.9054,86.531
1.475,234.71,-0.035388,0.078125,9.6935,85.737
1.476,234.67,-0.035309,-0.30762,8.9793,87.971
1.477,234.64,-0.037543,-0.19531,9.7182,83.524
1.478,234.6,-0.038159,-0.78613,9.1764,85.274
1.479,234.56,-0.037653,-0.43213,9.201,83.516
1.48,234.52,-0.039319,0.20386,8.8808,84.319
1.481,234.48,-0.037469,0.58716,9.398,89.712
1.482,234.44,-0.036523,0.31128,9.0286,86.216
1.483,234.41,-0.035223,1.1218,9.8413,86.067
1.484,234.38,-0.036096,-0.057373,9.004,85.111
1.485,234.34,-0.03371,-0.20752,9.5458,78.908
1.486,234.3,-0.037756,-0.14282,8.7577,85.265
1.487,234.28,-0.037561,-0.0061035,9.398,85.906
1.488,234.22,-0.035938,-1.0095,8.9793,85.267
1.489,234.19,-0.036127,0.3772,9.5211,86.219
1.49,234.16,-0.038757,0.20508,8.9054,85.582
1.491,234.12,-0.03587,-0.51025,9.4719,88.745
1.492,234.08,-0.036536,-0.33936,8.9301,81.61
1.493,234.04,-0.038489,0.26367,9.6935,73.346
1.494,234.01,-0.037823,-0.25513,8.733,90.976
1.495,233.97,-0.037439,0.013428,9.7921,93.695
1.496,233.93,-0.037146,0.40771,8.8562,80.994
1.497,233.89,-0.036469,0.22095,9.4719,79.23
1.498,233.86,-0.03645,0.47852,8.733,83.208
1.499,233.82,-0.036719,0.23438,9.3487,84.631
1.5,233.79,-0.035046,0.092773,9.1025,86.53
1.501,233.75,-0.035974,0.13916,9.3241,85.741
1.502,233.72,-0.036005,0.13916,8.8562,87.319
1.503,233.68,-0.035754,-0.13916,9.4226,85.744
1.504,233.64,-0.036023,0.036621,9.1764,81.135
1.505,233.61,-0.035742,0.2124,9.2749,85.109
1.506,233.57,-0.035791,0.045166,8.9793,87.494
1.507,233.54,-0.034943,0.41626,9.6935,86.234
1.508,233.5,-0.035529,0.037842,9.0286,85.902
1.509,233.47,-0.033942,0.097656,9.595,82.881
1.51,233.43,-0.035553,0.11963,8.9547,84.312
1.511,233.4,-0.035303,0.1416,9.398,88.754
1.512,233.36,-0.034344,-0.23682,8.8316,84.791
1.513,233.32,-0.034821,-0.15991,9.5211,88.303
1.514,233.3,-0.035126,0.30151,9.0286,85.431
1.515,233.26,-0.036353,-0.59937,9.6443,81.295
1.516,233.23,-0.033795,-0.33447,8.8808,78.119
1.517,233.18,-0.037341,-0.59204,9.5211,83.039
1.518,233.15,-0.036493,-0.054932,8.8808,86.05
1.519,233.11,-0.038086,-1.0144,9.6197,86.219
1.52,233.08,-0.036627,-0.12329,9.0286,80.985
1.521,233.04,-0.038867,0.012207,9.4965,91.786
1.522,233,-0.037958,0.2832,8.9301,86.697
1.523,232.96,-0.036432,0.11475,9.1025,79.229
1.524,232.92,-0.03667,0.71899,8.7823,94.162
1.525,232.89,-0.036053,0.48218,9.201,75.417
1.526,232.85,-0.035272,-0.13062,8.339,84.795
1.527,232.82,-0.035547,0.20752,9.2749,86.377
1.528,232.78,-0.037085,-0.030518,8.6592,80.494
1.529,232.74,-0.035632,-0.05127,9.4965,84.781
1.53,232.71,-0.036206,0.072021,8.8069,83.991
1.531,232.67,-0.035529,0.67261,9.0778,81.461
1.532,232.64,-0.035187,0.45288,8.4129,86.542
1.533,232.61,-0.033722,0.73975,9.2995,85.267
1.534,232.57,-0.033368,0.45898,8.6099,83.528
1.535,232.54,-0.032507,0.26855,9.5458,77.636
1.536,232.51,-0.033234,-0.20386,8.6099,90.821
1.537,232.47,-0.033844,-0.43579,9.201,84.948
1.538,232.44,-0.034741,-0.84717,8.6099,89.382
1.539,232.4,-0.035547,-0.98145,9.2256,94.006
1.54,232.37,-0.036743,-0.40405,8.6345,83.517
1.541,232.33,-0.038141,-0.36987,9.1271,85.11
1.542,232.29,-0.035864,-0.20996,8.6592,86.219
1.543,232.25,-0.036591,0.058594,9.2256,77.016
1.544,232.22,-0.036597,0.45166,8.6099,80.339
1.545,232.18,-0.03645,-0.13428,9.1764,86.379
1.546,232.15,-0.035883,-0.52246,8.7084,89.556
1.547,232.11,-0.036536,-0.12085,9.0532,82.08
1.548,232.07,-0.039203,-0.29419,8.733,96.394
1.549,232.04,-0.037201,-0.34424,9.1271,87.969
1.55,231.99,-0.037921,-0.26001,8.9301,84.961
1.551,231.96,-0.037604,0.80933,9.0286,85.424
1.552,231.92,-0.037836,-0.25391,8.9793,84.796
1.553,231.88,-0.035156,0.090332,9.0778,91.94
1.554,231.85,-0.03847,0.17578,8.8316,81.761
1.555,231.81,-0.037469,0.32715,9.1517,82.723
1.556,231.77,-0.036725,-0.15381,8.9054,89.543
1.557,231.73,-0.0362,0.87891,9.2502,88.289
1.558,231.7,-0.035925,0.62988,9.1025,85.748
1.559,231.67,-0.034076,0.47485,9.3241,80.817
1.56,231.63,-0.03432,0.32349,8.9547,89.078
1.561,231.6,-0.034351,0.18311,8.7823,84.159
1.562,231.56,-0.034583,-0.21973,9.201,87.02
1.563,231.53,-0.03501,-0.06958,9.004,84.797
1.564,231.49,-0.035175,-0.085449,9.0778,90.676
1.565,231.46,-0.034668,-0.062256,8.8562,88.123
1.566,231.42,-0.034778,0.0036621,9.004,82.878
1.567,231.39,-0.034894,-0.1709,9.1271,83.998
1.568,231.35,-0.034991,-0.57251,9.0532,83.519
1.569,231.32,-0.036029,-0.54321,9.4226,85.116
1.57,231.28,-0.037531,-0.67993,9.1025,82.887
1.571,231.24,-0.037494,-0.67627,8.9054,85.899
1.572,231.2,-0.038293,-0.34302,9.3241,92.739
1.573,231.17,-0.038373,0.10132,9.0286,80.496
1.574,231.13,-0.037744,-0.12817,9.1025,92.084
1.575,231.09,-0.037024,0.27588,9.1764,84.629
1.576,231.05,-0.038135,0.2124,9.201,85.582
1.577,231.01,-0.036914,-0.43823,9.1517,83.682
1.578,230.97,-0.037311,-0.18921,9.201,83.041
1.579,230.94,-0.039935,0.33203,9.0778,81.938
1.58,230.9,-0.03797,-0.15137,9.2502,78.907
1.581,230.85,-0.036475,0.14771,8.8808,93.694
1.582,230.82,-0.037671,1.2708,9.3487,83.041
1.583,230.79,-0.036572,0.99976,9.1764,88.924
1.584,230.75,-0.033582,0.52734,9.4473,84.949
1.585,230.72,-0.032971,0.83008,9.1025,83.84
1.586,230.68,-0.033838,0.68604,9.595,85.277
1.587,230.66,-0.033521,0.050049,9.2256,80.181
1.588,230.62,-0.033142,-0.67383,9.4965,84.488
1.589,230.59,-0.033331,-0.35156,9.0532,80.499
1.59,230.55,-0.03634,-0.28198,9.398,79.223
1.591,230.52,-0.035596,-0.47852,9.004,83.833
1.592,230.48,-0.03493,-0.26855,9.7674,90.496
1.593,230.44,-0.035535,0.46753,8.6345,88.451
1.594,230.41,-0.034674,0.072021,9.3734,77.161
1.595,230.38,-0.034003,-0.14648,8.6838,83.994
1.596,230.34,-0.035236,-0.28687,9.4719,88.293
1.597,230.31,-0.035663,-0.71899,9.004,78.918
1.598,230.27,-0.036969,-0.95215,9.2749,85.428
1.599,230.23,-0.038269,-0.48462,8.5853,81.622
1.6,230.19,-0.038763,-0.46997,9.3734,83.839
1.601,230.15,-0.037659,0.14893,8.6099,87.644
1.602,230.11,-0.038013,0.22461,9.2749,81.133
1.603,230.08,-0.036224,0.52856,8.6345,82.728
1.604,230.04,-0.037146,0.38086,9.2502,84.628
1.605,230.01,-0.036121,0.55054,8.4621,82.414
1.606,229.97,-0.035754,0.20752,9.201,82.888
1.607,229.93,-0.03526,0.89111,9.2256,92.585
1.608,229.9,-0.035187,0.31006,9.0778,87.166
1.609,229.87,-0.03269,0.45898,8.6838,82.404
1.61,229.83,-0.03457,0.3479,8.9793,86.996
1.611,229.8,-0.033459,0.18311,8.6099,84.154
1.612,229.76,-0.033521,-0.29053,9.201,90.836
1.613,229.73,-0.034271,0.63599,8.536,84.002
1.614,229.7,-0.034143,-0.039062,9.201,89.408
1.615,229.66,-0.03139,-0.0024414,8.6099,83.054
1.616,229.63,-0.033655,0.34546,9.0532,82.724
1.617,229.6,-0.033533,0.061035,8.8069,84.792
1.618,229.57,-0.032544,-0.56396,9.0532,83.842
1.619,229.53,-0.033838,-0.25513,8.6592,87.964
1.62,229.5,-0.03421,-0.46143,9.201,87.486
1.621,229.46,-0.03493,-0.86792,8.8562,83.989
1.622,229.43,-0.03584,-0.93994,9.004,81.133
1.623,229.39,-0.036884,-0.95581,8.6592,87.337
1.624,229.35,-0.038538,-0.73486,9.4473,90.525
1.625,229.32,-0.038989,-0.63477,8.8069,79.386
1.626,229.27,-0.038605,-0.53101,9.4473,80.35
1.627,229.24,-0.039014,0.025635,9.004,84.947
1.628,229.2,-0.039539,0.096436,9.1025,87.323
1.629,229.16,-0.038409,-0.0085449,9.004,87.811
1.63,229.12,-0.038507,0.28687,9.2256,87.485
1.631,229.08,-0.038647,0.44189,8.9054,89.249
1.632,229.04,-0.037579,0.60425,9.2749,84.955
1.633,229.01,-0.037329,0.83008,8.7084,83.527
1.634,228.97,-0.035388,0.90576,9.1025,83.992
1.635,228.93,-0.034357,0.66406,8.8316,83.365
1.636,228.9,-0.034119,1.0388,9.0532,85.908
1.637,228.87,-0.034259,0.42725,8.7577,87.169
1.638,228.83,-0.032135,-0.029297,9.201,86.382
1.639,228.8,-0.033252,-0.23682,8.8808,85.906
1.64,228.77,-0.034503,0.29663,8.7823,86.536
1.641,228.74,-0.035303,-0.1416,9.0286,81.291
1.642,228.7,-0.032776,0.15991,9.1271,86.068
1.643,228.66,-0.032843,0.62134,9.1271,85.909
1.644,228.63,-0.032452,1.1731,9.201,84.151
1.645,228.61,-0.031396,-0.12207,9.0532,87.339
1.646,228.57,-0.029437,-0.51025,9.1517,86.36
1.647,228.54,-0.033386,-1.2366,9.2256,84.949
1.648,228.51,-0.035394,-1.4246,9.201,86.849
1.649,228.47,-0.038635,-2.0898,9.201,83.834
1.65,228.43,-0.038519,-1.2073,9.0778,84.163
1.651,228.38,-0.039886,-0.70557,9.3487,87.973
1.652,228.35,-0.039423,0.25269,9.1764,87.81
1.653,228.31,-0.038922,0.074463,9.4473,82.252
1.654,228.27,-0.037372,0.39307,9.0532,85.425
1.655,228.23,-0.038147,0.39062,9.398,88.446
1.656,228.19,-0.037921,0.28809,9.0778,84.788
1.657,228.16,-0.037469,0.43213,9.5211,85.249
1.658,228.12,-0.037482,0.72266,9.0532,79.071
1.659,228.08,-0.035211,0.81543,9.7921,88.13
1.66,228.05,-0.034534,0.83984,8.8316,86.547
1.661,228.02,-0.033844,0.95215,9.398,83.204
1.662,227.99,-0.03327,0.43823,8.6592,83.369
1.663,227.95,-0.032721,0.1123,9.2995,88.442
1.664,227.92,-0.03302,0.26855,8.6592,90.826
1.665,227.88,-0.033972,0.32715,9.1025,80.334
1.666,227.85,-0.032501,0.37354,8.6345,87.81
1.667,227.82,-0.031635,-0.021973,9.4473,88.133
1.668,227.79,-0.030853,0.20874,8.536,82.094
1.669,227.76,-0.03313,-0.1416,9.0778,84.961
1.67,227.73,-0.032928,-1.4563,8.4868,85.583
1.671,227.69,-0.033209,-1.0034,9.2749,83.528
1.672,227.65,-0.038916,-0.010986,8.3883,85.425
1.673,227.62,-0.03587,-0.29419,9.2256,94.799
1.674,227.56,-0.033185,-0.67261,8.7577,87.656
1.675,227.55,-0.034399,1.2268,9.3487,83.683
1.676,227.52,-0.036572,-0.32959,8.8069,86.221
1.677,227.48,-0.032782,-1.4148,9.3734,88.923
1.678,227.44,-0.037518,-1.2402,8.9793,91.465
1.679,227.4,-0.040259,-0.36987,9.1271,91.945
1.68,227.36,-0.040601,-1.0193,8.6592,87.184
1.681,227.32,-0.038422,-0.13428,9.2749,85.425
1.682,227.28,-0.037878,0.89478,8.8069,80.664
1.683,227.25,-0.03819,1.0571,9.1025,85.904
1.684,227.21,-0.035785,0.5249,8.9301,89.706
1.685,227.17,-0.035315,0.56641,9.0532,86.855
1.686,227.14,-0.035797,0.95337,9.0778,86.231
1.687,227.1,-0.035046,0.43945,9.0286,84.317
1.688,227.07,-0.033423,0.53467,9.0286,83.997
1.689,227.04,-0.033588,0.50171,9.004,83.046
1.69,227,-0.032642,0.41382,9.1517,89.562
1.691,226.97,-0.033289,0.0036621,9.0778,87.813
1.692,226.94,-0.032977,0.019531,9.0778,83.362
1.693,226.9,-0.033405,0.14648,9.2256,86.52
1.694,226.87,-0.03349,0.41992,9.4473,84.471
1.695,226.84,-0.031909,0.35767,9.1517,84.633
1.696,226.81,-0.031189,0.60425,9.2749,82.092
1.697,226.78,-0.031189,0.18799,8.9054,86.066
1.698,226.75,-0.030383,-0.5127,9.5458,84.479
1.699,226.72,-0.03255,-0.85693,9.0286,82.25
1.7,226.69,-0.034473,-1.0034,9.2995,85.734
1.701,226.64,-0.035474,-2.113,9.0286,85.903
1.702,226.61,-0.036206,-1.3098,9.4965,86.214
1.703,226.57,-0.040948,-0.96802,9.1271,84.151
1.704,226.53,-0.039099,-0.7019,9.4226,84.008
1.705,226.48,-0.039313,-0.72754,8.8316,88.453
1.706,226.45,-0.038983,0.85693,9.4226,92.579
1.707,226.41,-0.039844,0.25146,8.9054,88.287
1.708,226.38,-0.036664,0.67993,9.4965,79.065
1.709,226.33,-0.037842,0.63965,8.8069,87.965
1.71,226.3,-0.035913,1.1914,9.398,91.788
1.711,226.26,-0.035785,0.78003,8.6592,85.73
1.712,226.23,-0.033887,1.2744,9.5211,82.564
1.713,226.2,-0.032764,0.7959,8.8069,83.519
1.714,226.17,-0.03147,0.9375,9.1025,84.635
1.715,226.13,-0.031934,0.53589,8.4621,83.685
1.716,226.1,-0.031097,0.32104,9.2995,77.336
1.717,226.07,-0.031207,-0.010986,8.3636,88.611
1.718,226.04,-0.031158,-0.014648,9.1271,88.135
1.719,226.01,-0.031525,-0.33325,8.5114,86.377
1.72,225.98,-0.032007,-0.13916,9.2749,83.83
1.721,225.94,-0.032764,-0.042725,8.8069,84.949
1.722,225.91,-0.031903,-0.043945,9.0532,86.862
1.723,225.88,-0.031372,0.2002,8.5606,91.634
1.724,225.85,-0.031744,0.48462,9.004,83.044
1.725,225.82,-0.031006,-0.33447,8.536,92.586
1.726,225.78,-0.030341,-1.1377,9.1517,83.203
1.727,225.76,-0.033575,-1.2061,8.2651,85.897
1.728,225.73,-0.037061,-1.6113,9.0532,91.943
1.729,225.68,-0.037775,-2.1875,8.5853,89.072
1.73,225.64,-0.039062,-1.405,9.2502,81.299
1.731,225.6,-0.041278,-0.35156,8.5114,86.23
1.732,225.56,-0.040601,-0.15381,9.2256,87.661
1.733,225.52,-0.038818,0.0085449,8.6345,85.424
1.734,225.48,-0.038544,0.59937,9.1517,81.62
1.735,225.44,-0.03902,0.74219,8.4868,81.773
1.736,225.4,-0.038281,0.56641,9.1517,84.315
1.737,225.36,-0.03689,0.74951,8.7084,85.744
1.738,225.33,-0.035986,1.0071,9.201,92.247
1.739,225.29,-0.034796,0.76416,8.6838,87.491
1.74,225.26,-0.033984,0.63232,9.2995,78.441
1.741,225.23,-0.03446,0.42236,8.9054,95.278
1.742,225.19,-0.033728,0.36743,8.8316,87.658
1.743,225.16,-0.033875,0.4126,9.0286,84.474
1.744,225.13,-0.032959,0.65552,8.5853,86.541
1.745,225.09,-0.031921,0.50659,8.9793,90.194
1.746,225.06,-0.031183,0.74097,9.0286,81.136
1.747,225.04,-0.031195,0.53345,8.8316,86.21
1.748,225,-0.03017,0.13062,8.8316,82.09
1.749,224.97,-0.030292,0.17578,8.6099,87.97
1.75,224.94,-0.031268,0.15503,8.9301,83.676
1.751,224.91,-0.030304,-0.46021,9.004,84.95
1.752,224.88,-0.03042,-0.75073,8.9301,78.282
1.753,224.85,-0.032471,-0.78003,8.8069,87.497
1.754,224.82,-0.034045,-1.4282,9.0286,83.212
1.755,224.78,-0.035168,-1.8665,9.1271,87.336
1.756,224.74,-0.037445,-1.7358,9.0532,89.396
1.757,224.7,-0.039752,-1.4307,9.0286,84.468
1.758,224.66,-0.04115,-0.96069,9.1271,84.002
1.759,224.62,-0.041199,-0.19653,8.9054,84.475
1.76,224.57,-0.039972,0.35278,9.2256,88.454
1.761,224.54,-0.038428,1.0474,9.2502,79.079
1.762,224.5,-0.037988,1.2476,9.0286,85.585
1.763,224.47,-0.035913,0.71777,9.4226,87.808
1.764,224.43,-0.034961,0.90576,9.004,80.5
1.765,224.39,-0.036383,1.0498,9.5458,89.384
1.766,224.36,-0.033899,0.50293,8.9547,93.685
1.767,224.32,-0.032739,0.30518,9.3487,85.266
1.768,224.3,-0.033398,0.98633,8.8808,87.655
1.769,224.27,-0.033435,0.031738,9.0286,84.159
1.77,224.23,-0.031451,-0.050049,9.2502,85.275
1.771,224.19,-0.03374,0.28931,9.1764,86.063
1.772,224.16,-0.03299,0.56274,8.9547,88.142
1.773,224.13,-0.031952,0.090332,9.1025,84.48
1.774,224.1,-0.030621,0.84473,8.5853,88.593
1.775,224.07,-0.031,0.49438,9.0778,80.182
1.776,224.04,-0.029517,0.26978,8.4129,79.378
1.777,224.01,-0.030518,-0.51025,9.2502,93.855
1.778,223.98,-0.030603,-0.48828,8.5114,82.413
1.779,223.95,-0.033173,-1.2622,9.004,81.938
1.78,223.91,-0.033441,-1.239,8.4375,92.107
1.781,223.88,-0.035828,-1.6492,8.9301,82.251
1.782,223.84,-0.036713,-1.3513,8.4868,85.263
1.783,223.8,-0.038849,-1.2866,9.1025,90.026
1.784,223.76,-0.039929,-0.84229,8.6345,87.498
1.785,223.72,-0.039874,-0.89111,9.1271,85.898
1.786,223.68,-0.040039,0.047607,8.5606,85.428
1.787,223.64,-0.041168,0.57983,8.9793,90.675
1.788,223.6,-0.038611,0.57495,8.5853,81.303
1.789,223.56,-0.03703,1.0645,8.9301,81.62
1.79,223.53,-0.037,1.7542,8.7084,83.848
1.791,223.49,-0.034717,1.2927,9.0286,88.296
1.792,223.46,-0.032397,0.9729,9.0286,86.214
1.793,223.43,-0.032147,1.1646,8.8808,87.809
1.794,223.4,-0.032166,0.38208,9.0778,77.169
1.795,223.37,-0.031177,0.47241,8.7823,88.76
1.796,223.33,-0.032806,0.26245,8.9547,86.704
1.797,223.3,-0.030035,0.57495,8.8069,80.825
1.798,223.27,-0.030835,0.23682,9.0778,85.427
1.799,223.25,-0.029291,0.6189,8.9054,85.591
1.8,223.21,-0.029993,-0.19653,9.004,80.502
1.801,223.18,-0.029712,0.1709,8.9054,88.767
1.802,223.15,-0.031018,-0.032959,9.201,86.059
1.803,223.12,-0.02998,0.064697,8.7084,89.718
1.804,223.09,-0.029456,-0.089111,9.2502,89.078
1.805,223.06,-0.029669,-0.22705,8.4375,80.982
1.806,223.04,-0.030157,-0.89355,9.1517,82.094
1.807,223,-0.032153,-1.6992,8.3883,87.969
1.808,222.97,-0.034448,-1.8738,9.3734,92.756
1.809,222.93,-0.037952,-2.1436,8.4868,88.129
1.81,222.89,-0.039038,-1.5063,9.0532,82.25
1.811,222.85,-0.040875,-1.0498,8.3636,83.042
1.812,222.81,-0.039685,-0.23193,9.201,86.52
1.813,222.76,-0.039697,0.33203,8.7577,85.112
1.814,222.73,-0.039111,1.0876,8.8562,84.954
1.815,222.69,-0.037378,0.66528,9.1025,93.863
1.816,222.65,-0.035437,1.1133,9.004,85.585
1.817,222.62,-0.036359,1.1609,9.0532,83.049
1.818,222.59,-0.034131,0.74707,9.004,86.378
1.819,222.55,-0.033307,0.45776,9.1764,87.634
1.82,222.52,-0.033643,0.64575,8.9547,83.997
1.821,222.48,-0.033148,0.3064,9.3241,87.332
1.822,222.45,-0.03313,0.28442,8.7084,93.228
1.823,222.42,-0.032599,0.50781,9.1517,82.886
1.824,222.38,-0.031885,0.66528,8.7084,81.619
1.825,222.36,-0.031104,0.59937,9.1025,81.135
1.826,222.33,-0.029822,0.60547,8.8562,82.413
1.827,222.3,-0.030133,0.49927,9.3241,86.229
1.828,222.27,-0.029572,0.4187,8.8069,84.629
1.829,222.23,-0.029388,0.01709,9.3241,83.205
1.83,222.21,-0.02901,0.27222,8.6592,90.335
1.831,222.18,-0.029736,-0.38696,9.2256,89.081
1.832,222.15,-0.028772,-0.40649,8.8316,87.025
1.833,222.12,-0.031506,-1.1621,9.2502,84.633
1.834,222.09,-0.031421,-1.4368,8.339,85.274
1.835,222.05,-0.034821,-1.9739,8.9054,83.531
1.836,222.02,-0.03692,-1.72,8.5606,88.766
1.837,221.98,-0.038641,-2.0117,9.201,85.587
1.838,221.94,-0.040106,-1.3477,8.4129,87.016
1.839,221.9,-0.041479,-0.99731,8.8808,95.919
1.84,221.85,-0.041559,-0.27588,8.3883,81.929
1.841,221.81,-0.041907,0.42847,8.8808,79.395
1.842,221.77,-0.040021,0.89722,8.339,82.575
1.843,221.73,-0.037964,1.2158,8.9547,87.653
1.844,221.7,-0.036993,2.0129,8.6099,84.639
1.845,221.66,-0.03548,1.4148,9.0286,83.206
1.846,221.63,-0.031842,1.3,8.7084,95.124
1.847,221.59,-0.032947,0.83252,9.004,86.537
1.848,221.57,-0.031464,0.62622,8.733,87.637
1.849,221.53,-0.032831,-0.21484,8.8808,87.016
1.85,221.5,-0.032349,0.10864,8.9054,87.816
1.851,221.46,-0.032916,-0.20264,9.1764,98.461
1.852,221.43,-0.032404,0.71899,8.9793,85.746
1.853,221.4,-0.032477,0.73486,8.9054,84.64
1.854,221.37,-0.029236,0.90698,8.7084,84.789
1.855,221.34,-0.028674,0.84229,8.9054,91.774
1.856,221.32,-0.028381,0.37964,8.6592,81.291
1.857,221.29,-0.028192,-0.18921,8.8562,89.552
1.858,221.26,-0.030579,-0.42969,8.9054,92.263
1.859,221.23,-0.030182,-0.67505,9.004,75.427
1.86,221.19,-0.030823,-0.9082,8.8562,85.116
1.861,221.17,-0.031757,-0.81421,8.9054,78.753
1.862,221.13,-0.032733,-1.2988,9.1025,76.534
1.863,221.1,-0.03465,-1.4954,8.733,85.908
1.864,221.07,-0.036676,-1.6089,9.004,84.788
1.865,221.02,-0.0383,-1.6858,8.9547,85.59
1.866,220.98,-0.039801,-0.79712,8.9793,93.673
1.867,220.94,-0.041162,-0.5481,8.6345,84.959
1.868,220.9,-0.038635,0.11841,9.0286,83.198
1.869,220.86,-0.039417,0.53223,8.733,86.063
1.87,220.82,-0.037708,1.2244,9.0778,93.38
1.871,220.79,-0.03714,0.81299,8.8069,83.688
1.872,220.75,-0.03504,1.1499,9.1271,81.137
1.873,220.72,-0.03457,1.0095,8.4375,83.373
1.874,220.68,-0.033667,1.0217,9.3487,85.271
1.875,220.65,-0.03266,0.60913,8.4868,80.336
1.876,220.62,-0.032031,0.63232,9.1025,81.297
1.877,220.59,-0.031995,0.61768,8.5606,82.262
1.878,220.56,-0.031409,0.14893,9.1271,86.703
1.879,220.52,-0.030579,0.19409,8.2651,83.839
1.88,220.49,-0.031915,0.45044,9.0778,85.274
1.881,220.47,-0.031061,0.42969,8.733,89.567
1.882,220.43,-0.029742,0.26978,8.9793,86.691
1.883,220.4,-0.02926,0.81787,8.8562,86.542
1.884,220.38,-0.02923,0.55542,8.7823,90.024
1.885,220.35,-0.027826,-0.19653,9.1271,78.595
1.886,220.32,-0.028284,-0.38574,9.004,82.09
1.887,220.29,-0.030725,-1.1609,8.8562,85.747
1.888,220.26,-0.031189,-1.4868,8.9054,85.591
1.889,220.22,-0.035034,-1.6968,9.1271,87.667
1.89,220.19,-0.03526,-1.4661,8.4129,88.129
1.891,220.14,-0.036768,-1.9409,9.2502,79.401
1.892,220.12,-0.038055,-0.82642,8.6592,86.694
1.893,220.08,-0.040894,-1.0242,9.201,81.449
1.894,220.03,-0.039166,-0.69702,9.004,85.436
1.895,219.99,-0.040381,-0.11353,9.398,86.543
1.896,219.95,-0.040253,0.979,8.8069,85.907
1.897,219.91,-0.038623,0.88013,8.9547,83.366
1.898,219.88,-0.035999,1.2927,8.4129,84.006
1.899,219.84,-0.034766,1.3354,8.8808,81.929
1.9,219.81,-0.033917,1.1035,8.536,85.114
1.901,219.77,-0.033575,0.67383,8.8562,85.114
1.902,219.74,-0.033105,0.52246,8.1666,92.25
1.903,219.71,-0.032629,0.3772,8.7577,85.901
1.904,219.67,-0.032153,0.50293,8.4129,87.49
1.905,219.64,-0.032031,0.67383,8.9301,86.543
1.906,219.61,-0.031061,0.83618,8.6838,84.637
1.907,219.58,-0.029736,0.70679,8.9054,89.889
1.908,219.55,-0.028448,0.75439,8.7577,89.247
1.909,219.52,-0.028619,0.53955,8.8069,87.026
1.91,219.5,-0.028259,0.53101,8.9301,90.188
1.911,219.47,-0.028363,-0.067139,8.7084,85.103
1.912,219.44,-0.027081,-0.14771,9.0286,79.068
1.913,219.41,-0.028784,-0.13184,9.0778,85.594
1.914,219.39,-0.029358,-0.43091,9.1025,83.843
1.915,219.36,-0.028918,-1.283,8.4868,85.747
1.916,219.32,-0.030518,-1.3147,9.0286,81.307
1.917,219.3,-0.033496,-1.7163,8.3636,84.948
1.918,219.26,-0.035358,-2.5183,9.0778,83.358
1.919,219.22,-0.037939,-2.2131,8.4868,88.768
1.92,219.18,-0.04151,-1.7175,8.6099,92.566
1.921,219.13,-0.041583,-1.0107,8.3636,85.744
1.922,219.09,-0.042084,-0.16602,8.9547,86.846
1.923,219.05,-0.040411,1.095,8.4621,84.946
1.924,219.01,-0.03877,1.2585,9.0778,86.863
1.925,218.98,-0.036035,1.5918,8.3144,92.752
1.926,218.94,-0.035291,1.3745,8.733,85.438
1.927,218.91,-0.034125,1.0986,8.4129,82.733
1.928,218.87,-0.033539,0.4541,8.4621,86.066
1.929,218.84,-0.033276,0.58716,8.8069,88.278
1.93,218.81,-0.033765,0.60547,8.733,85.591
1.931,218.77,-0.032355,0.53833,9.1025,90.179
1.932,218.74,-0.031097,0.91431,8.9547,86.388
1.933,218.71,-0.030847,1.0938,9.004,85.436
1.934,218.68,-0.028705,1.0181,8.8069,83.362
1.935,218.66,-0.028296,0.67261,8.9547,82.568
1.936,218.63,-0.027264,0.62744,9.0532,87.019
1.937,218.6,-0.027734,0.13794,9.004,83.683
1.938,218.58,-0.02771,-0.043945,8.6838,88.113
1.939,218.55,-0.028015,-0.37964,9.0286,87.972
1.94,218.52,-0.028516,-0.47241,8.5853,89.725
1.941,218.49,-0.029163,-0.45288,9.0532,80.82
1.942,218.46,-0.030096,-0.98999,8.339,82.41
1.943,218.43,-0.029974,-0.8252,8.9793,81.623
1.944,218.4,-0.032965,-1.7236,8.3144,80.511
1.945,218.37,-0.032642,-1.7493,8.8808,84.642
1.946,218.33,-0.037781,-2.3096,8.2159,84.634
1.947,218.29,-0.038843,-1.6333,9.0778,85.423
1.948,218.24,-0.041522,-2.0129,8.2159,83.522
1.949,218.2,-0.041132,-0.80688,8.9793,82.716
1.95,218.16,-0.042706,-0.0354,8.1173,92.583
1.951,218.12,-0.041815,0.78979,8.8069,78.916
1.952,218.08,-0.03902,1.0852,8.1173,83.527
1.953,218.03,-0.037573,1.6455,8.6838,83.044
1.954,218.01,-0.035706,1.8518,8.3883,86.393
1.955,217.97,-0.034479,1.272,8.8562,85.427
1.956,217.94,-0.032556,1.0864,8.5853,85.118
1.957,217.91,-0.03266,0.64575,8.8316,86.543
1.958,217.87,-0.032141,0.448,8.7577,87.481
1.959,217.84,-0.032477,0.63477,8.8316,86.698
1.96,217.81,-0.032239,0.72388,8.8069,81.144
1.961,217.78,-0.029382,0.7312,8.8562,84.642
1.962,217.75,-0.029041,1.0852,8.9054,84.954
1.963,217.72,-0.028485,1.2744,8.536,90.681
1.964,217.7,-0.027051,0.54321,8.9301,84.48
1.965,217.67,-0.025867,0.32593,9.004,87.64
1.966,217.64,-0.026666,0.21729,9.004,83.998
1.967,217.62,-0.027411,-0.29419,8.5114,86.532
1.968,217.59,-0.027399,-0.77881,9.201,86.867
1.969,217.56,-0.028522,-0.67261,8.3636,85.114
1.97,217.53,-0.029761,-0.9082,9.004,86.23
1.971,217.5,-0.030029,-1.5002,8.3144,89.399
1.972,217.47,-0.031952,-1.676,8.9054,76.528
1.973,217.44,-0.0349,-1.6553,7.8957,90.351
1.974,217.4,-0.036902,-2.0911,9.201,88.907
1.975,217.36,-0.038037,-2.1558,8.2651,87.025
1.976,217.32,-0.040485,-1.2878,8.7084,85.902
1.977,217.28,-0.042731,-0.68726,8.2651,81.136
1.978,217.24,-0.041339,-0.025635,8.8316,90.363
1.979,217.19,-0.040338,0.82275,8.0188,83.366
1.98,217.15,-0.038165,1.3538,8.6838,85.592
1.981,217.12,-0.036371,1.554,8.2651,82.419
1.982,217.09,-0.035962,1.4514,8.3883,82.569
1.983,217.05,-0.033569,0.8667,8.5606,83.198
1.984,217.01,-0.033081,0.69092,8.5606,88.605
1.985,216.98,-0.033832,1.2109,8.6592,91.454
1.986,216.95,-0.032916,0.59814,8.6838,86.224
1.987,216.92,-0.029907,0.64209,8.7823,92.107
1.988,216.89,-0.030579,0.83008,8.8069,83.839
1.989,216.86,-0.029871,0.68237,8.8808,82.727
1.99,216.83,-0.029681,0.34668,8.6592,80.984
1.991,216.8,-0.029504,0.59937,9.004,82.887
1.992,216.77,-0.028174,0.39795,8.733,85.289
1.993,216.74,-0.027582,0.4126,9.1517,83.68
1.994,216.72,-0.027881,0.25269,8.7084,87.332
1.995,216.69,-0.027618,-0.14893,9.1025,80.344
1.996,216.66,-0.028241,-0.86548,8.5606,82.732
1.997,216.63,-0.028918,-0.72388,9.004,83.206
1.998,216.6,-0.031909,-1.1462,8.3636,84.318
1.999,216.57,-0.0315,-1.2549,9.0778,89.74
2,216.53,-0.03335,-1.593,9.0778,89.74
